Workbook

Sheet Start Here
A1: Teacher Command Center
A2: Plan the term, grade it, and see who needs help - all tabs work together.
B4: What is linked to what
B5: Pacing plan > Assignments get their due dates > Gradebook knows what is due > submission rate, missing work,
B6: grades and class standing update by themselves > Dashboard and Student Report show the result.
B8: Set up in 15 minutes
B9: 1. Setup: class name, the Monday your term starts, category weights and grade scale.
B10: 2. Roster: type your students (up to 40).
B11: 3. Pacing: list your units with a start week and length. The timeline colors itself.
B12: 4. Assignments: pick the unit for each assignment. It is due at the end of that unit unless you type a date.
B13: 5. Gradebook: enter scores. Type M for missing, EX for excused. Past-due blanks count as missing.
B15: What you get
B16: Dashboard: class average, submission rate, students at risk, grade spread, workload per week.
B17: Standings: each student's grade, submission rate and a combined performance index with rank and percentile,
... B39: Version 2.0

Sheet Dashboard
A1: Dashboard
A2: =Setup!B4&" | "&Setup!B5&" | as of "&TEXT(Setup!B8,"mmm d, yyyy")&" | week "&Pacing!C3&" of "&Setup!B7
B4: Class average | E4: Work turned in | H4: Students at risk
B5: =IFERROR(AVERAGE(Gradebook!C10:C49),"") | E5: =IFERROR(AVERAGE(Gradebook!E10:E49),"") | H5: =COUNTIF(Standings!K8:K47,"At risk")
B6: =COUNT(Gradebook!C10:C49)&" students graded" | E6: ="Missing items: "&SUM(Gradebook!F10:F49) | H6: =COUNTIF(Standings!K8:K47,"Watch")&" more to watch"
B8: Grade spread | E8: Turned in vs. score | H8: Needs attention (lowest index) | K8: Grade | L8: Students
H9: Student | I9: Index | K9: A | L9: =COUNTIF(Gradebook!D10:D49,"A*")
H10: =IF((COUNT(Standings!$F$8:$F$47)-0)<1,"",INDEX(Standings!$B$8:$B$47,MATCH((COUNT(Standings!$F$8:$F$47)-0),Standings!$M$8:$M$47,0))) | I10: =IF((COUNT(Standings!$F$8:$F$47)-0)<1,"",INDEX(Standings!$F$8:$F$47,MATCH((COUNT(Standings!$F$8:$F$47)-0),Standings!$M$8:$M$47,0))) | K10: B | L10: =COUNTIF(Gradebook!D10:D49,"B*")
H11: =IF((COUNT(Standings!$F$8:$F$47)-1)<1,"",INDEX(Standings!$B$8:$B$47,MATCH((COUNT(Standings!$F$8:$F$47)-1),Standings!$M$8:$M$47,0))) | I11: =IF((COUNT(Standings!$F$8:$F$47)-1)<1,"",INDEX(Standings!$F$8:$F$47,MATCH((COUNT(Standings!$F$8:$F$47)-1),Standings!$M$8:$M$47,0))) | K11: C | L11: =COUNTIF(Gradebook!D10:D49,"C*")
H12: =IF((COUNT(Standings!$F$8:$F$47)-2)<1,"",INDEX(Standings!$B$8:$B$47,MATCH((COUNT(Standings!$F$8:$F$47)-2),Standings!$M$8:$M$47,0))) | I12: =IF((COUNT(Standings!$F$8:$F$47)-2)<1,"",INDEX(Standings!$F$8:$F$47,MATCH((COUNT(Standings!$F$8:$F$47)-2),Standings!$M$8:$M$47,0))) | K12: D | L12: =COUNTIF(Gradebook!D10:D49,"D*")
H13: =IF((COUNT(Standings!$F$8:$F$47)-3)<1,"",INDEX(Standings!$B$8:$B$47,MATCH((COUNT(Standings!$F$8:$F$47)-3),Standings!$M$8:$M$47,0))) | I13: =IF((COUNT(Standings!$F$8:$F$47)-3)<1,"",INDEX(Standings!$F$8:$F$47,MATCH((COUNT(Standings!$F$8:$F$47)-3),Standings!$M$8:$M$47,0))) | K13: F | L13: =COUNTIF(Gradebook!D10:D49,"F*")
H14: =IF((COUNT(Standings!$F$8:$F$47)-4)<1,"",INDEX(Standings!$B$8:$B$47,MATCH((COUNT(Standings!$F$8:$F$47)-4),Standings!$M$8:$M$47,0))) | I14: =IF((COUNT(Standings!$F$8:$F$47)-4)<1,"",INDEX(Standings!$F$8:$F$47,MATCH((COUNT(Standings!$F$8:$F$47)-4),Standings!$M$8:$M$47,0)))
H15: =IF((COUNT(Standings!$F$8:$F$47)-5)<1,"",INDEX(Standings!$B$8:$B$47,MATCH((COUNT(Standings!$F$8:$F$47)-5),Standings!$M$8:$M$47,0))) | I15: =IF((COUNT(Standings!$F$8:$F$47)-5)<1,"",INDEX(Standings!$F$8:$F$47,MATCH((COUNT(Standings!$F$8:$F$47)-5),Standings!$M$8:$M$47,0)))
H16: =IF((COUNT(Standings!$F$8:$F$47)-6)<1,"",INDEX(Standings!$B$8:$B$47,MATCH((COUNT(Standings!$F$8:$F$47)-6),Standings!$M$8:$M$47,0))) | I16: =IF((COUNT(Standings!$F$8:$F$47)-6)<1,"",INDEX(Standings!$F$8:$F$47,MATCH((COUNT(Standings!$F$8:$F$47)-6),Standings!$M$8:$M$47,0)))
H17: =IF((COUNT(Standings!$F$8:$F$47)-7)<1,"",INDEX(Standings!$B$8:$B$47,MATCH((COUNT(Standings!$F$8:$F$47)-7),Standings!$M$8:$M$47,0))) | I17: =IF((COUNT(Standings!$F$8:$F$47)-7)<1,"",INDEX(Standings!$F$8:$F$47,MATCH((COUNT(Standings!$F$8:$F$47)-7),Standings!$M$8:$M$47,0)))
K20: =Setup!B27
B23: Workload by week (assignments due)

Sheet Setup
A1: Setup
A2: Fill the white cells once at the start of the term.
A4: Class | B4: Period 3 - Algebra I
A5: Teacher | B5: Ms. Rivera
A6: Term starts (Monday) | B6: 46251
A7: Weeks in the term | B7: 18
A8: As of (leave =TODAY() or type a date) | B8: =TODAY()
A9: Count past-due blanks as 0? | B9: Yes
A11: Category | B11: Weight | D11: Min % | E11: Grade | G11: Percentile from | H11: Curved grade
A12: Homework | B12: 0.2 | D12: 0 | E12: F | G12: 0 | H12: F
A13: Quizzes | B13: 0.2 | D13: 0.6 | E13: D- | G13: 0.05 | H13: D
A14: Tests | B14: 0.4 | D14: 0.63 | E14: D | G14: 0.2 | H14: C
A15: Projects | B15: 0.1 | D15: 0.67 | E15: D+ | G15: 0.55 | H15: B
A16: Participation | B16: 0.1 | D16: 0.7 | E16: C- | G16: 0.85 | H16: A
A17: Total | B17: =SUM(B12:B16) | D17: 0.73 | E17: C | G17: Optional relative grading.
A18: =IF(ROUND(B17,4)=1,"Weights add up to 100%.","Check: weights add up to "&TEXT(B17,"0%")&".") | D18: 0.77 | E18: C+ | G18: Default: top 15% A, next 30% B,
D19: 0.8 | E19: B- | G19: next 35% C, next 15% D, last 5% F.
D20: 0.83 | E20: B
A21: Performance index | D21: 0.87 | E21: B+
A22: Weight of overall grade | B22: 0.7 | D22: 0.9 | E22: A-
A23: Weight of submission rate | B23: 0.3 | D23: 0.93 | E23: A
D24: Lowest to highest.
A26: At-risk flags
A27: Overall grade below | B27: 0.7
A28: Submission rate below | B28: 0.8
A29: 'Watch' = within 10 points of either line.

Sheet Roster
A1: Roster
A2: One row per student. Names flow into every other tab.
A5: # | B5: Student | C5: Student ID | D5: Notes
A6: 1 | B6: Ava Johnson | C6: S1001
A7: 2 | B7: Liam Smith | C7: S1002
A8: 3 | B8: Mia Garcia | C8: S1003
A9: 4 | B9: Noah Brown | C9: S1004
A10: 5 | B10: Emma Davis | C10: S1005
A11: 6 | B11: Lucas Miller | C11: S1006
A12: 7 | B12: Sofia Wilson | C12: S1007
A13: 8 | B13: Ethan Moore | C13: S1008
A14: 9 | B14: Isabella Taylor | C14: S1009
A15: 10 | B15: Mason Anderson | C15: S1010
A16: 11 | B16: Chloe Thomas | C16: S1011
A17: 12 | B17: Logan Martinez | C17: S1012
... A29: 24 | B29: Owen Baker | C29: S1024
A30: 25
A31: 26
A32: 27
A33: 28
A34: 29
A35: 30
A36: 31
A37: 32
A38: 33
A39: 34
A40: 35
A41: 36
... A45: 40

Sheet Pacing
A1: Pacing Plan
A2: Units by week. Assignments take their due date from the end of their unit.
A3: This week: | C3: =IF(Setup!B8="","",INT((Setup!B8-Setup!B6)/7)+1)
H4: 1 | I4: 2 | J4: 3 | K4: 4 | L4: 5 | M4: 6 | N4: 7 | O4: 8 | P4: 9 | Q4: 10 | R4: 11 | S4: 12 | T4: 13 | U4: 14 | V4: 15 | W4: 16 | X4: 17 | Y4: 18 | Z4: 19 | AA4: 20
A5: # | B5: Unit | C5: Start wk | D5: Weeks | E5: Starts | F5: Ends | G5: Items | H5: =Setup!$B$6+(H$4-1)*7 | I5: =Setup!$B$6+(I$4-1)*7 | J5: =Setup!$B$6+(J$4-1)*7 | K5: =Setup!$B$6+(K$4-1)*7 | L5: =Setup!$B$6+(L$4-1)*7 | M5: =Setup!$B$6+(M$4-1)*7 | N5: =Setup!$B$6+(N$4-1)*7 | O5: =Setup!$B$6+(O$4-1)*7 | ... AA5: =Setup!$B$6+(AA$4-1)*7
A6: 1 | B6: Foundations | C6: 1 | D6: 3 | E6: =IF(OR(B6="",C6=""),"",Setup!$B$6+(C6-1)*7) | F6: =IF(OR(B6="",C6=""),"",Setup!$B$6+(C6+MAX(1,D6)-2)*7+4) | G6: =IF(B6="","",COUNTIF(Assignments!$C$6:$C$65,B6))
A7: 2 | B7: Linear Equations | C7: 4 | D7: 3 | E7: =IF(OR(B7="",C7=""),"",Setup!$B$6+(C7-1)*7) | F7: =IF(OR(B7="",C7=""),"",Setup!$B$6+(C7+MAX(1,D7)-2)*7+4) | G7: =IF(B7="","",COUNTIF(Assignments!$C$6:$C$65,B7))
A8: 3 | B8: Functions | C8: 7 | D8: 3 | E8: =IF(OR(B8="",C8=""),"",Setup!$B$6+(C8-1)*7) | F8: =IF(OR(B8="",C8=""),"",Setup!$B$6+(C8+MAX(1,D8)-2)*7+4) | G8: =IF(B8="","",COUNTIF(Assignments!$C$6:$C$65,B8))
A9: 4 | B9: Midterm Review | C9: 10 | D9: 1 | E9: =IF(OR(B9="",C9=""),"",Setup!$B$6+(C9-1)*7) | F9: =IF(OR(B9="",C9=""),"",Setup!$B$6+(C9+MAX(1,D9)-2)*7+4) | G9: =IF(B9="","",COUNTIF(Assignments!$C$6:$C$65,B9))
A10: 5 | B10: Systems of Equations | C10: 11 | D10: 3 | E10: =IF(OR(B10="",C10=""),"",Setup!$B$6+(C10-1)*7) | F10: =IF(OR(B10="",C10=""),"",Setup!$B$6+(C10+MAX(1,D10)-2)*7+4) | G10: =IF(B10="","",COUNTIF(Assignments!$C$6:$C$65,B10))
A11: 6 | B11: Quadratics | C11: 14 | D11: 3 | E11: =IF(OR(B11="",C11=""),"",Setup!$B$6+(C11-1)*7) | F11: =IF(OR(B11="",C11=""),"",Setup!$B$6+(C11+MAX(1,D11)-2)*7+4) | G11: =IF(B11="","",COUNTIF(Assignments!$C$6:$C$65,B11))
A12: 7 | B12: Final Review | C12: 17 | D12: 2 | E12: =IF(OR(B12="",C12=""),"",Setup!$B$6+(C12-1)*7) | F12: =IF(OR(B12="",C12=""),"",Setup!$B$6+(C12+MAX(1,D12)-2)*7+4) | G12: =IF(B12="","",COUNTIF(Assignments!$C$6:$C$65,B12))
A13: 8 | E13: =IF(OR(B13="",C13=""),"",Setup!$B$6+(C13-1)*7) | F13: =IF(OR(B13="",C13=""),"",Setup!$B$6+(C13+MAX(1,D13)-2)*7+4) | G13: =IF(B13="","",COUNTIF(Assignments!$C$6:$C$65,B13))
A14: 9 | E14: =IF(OR(B14="",C14=""),"",Setup!$B$6+(C14-1)*7) | F14: =IF(OR(B14="",C14=""),"",Setup!$B$6+(C14+MAX(1,D14)-2)*7+4) | G14: =IF(B14="","",COUNTIF(Assignments!$C$6:$C$65,B14))
A15: 10 | E15: =IF(OR(B15="",C15=""),"",Setup!$B$6+(C15-1)*7) | F15: =IF(OR(B15="",C15=""),"",Setup!$B$6+(C15+MAX(1,D15)-2)*7+4) | G15: =IF(B15="","",COUNTIF(Assignments!$C$6:$C$65,B15))
A16: 11 | E16: =IF(OR(B16="",C16=""),"",Setup!$B$6+(C16-1)*7) | F16: =IF(OR(B16="",C16=""),"",Setup!$B$6+(C16+MAX(1,D16)-2)*7+4) | G16: =IF(B16="","",COUNTIF(Assignments!$C$6:$C$65,B16))
A17: 12 | E17: =IF(OR(B17="",C17=""),"",Setup!$B$6+(C17-1)*7) | F17: =IF(OR(B17="",C17=""),"",Setup!$B$6+(C17+MAX(1,D17)-2)*7+4) | G17: =IF(B17="","",COUNTIF(Assignments!$C$6:$C$65,B17))
A18: 13 | E18: =IF(OR(B18="",C18=""),"",Setup!$B$6+(C18-1)*7) | F18: =IF(OR(B18="",C18=""),"",Setup!$B$6+(C18+MAX(1,D18)-2)*7+4) | G18: =IF(B18="","",COUNTIF(Assignments!$C$6:$C$65,B18))
A19: 14 | E19: =IF(OR(B19="",C19=""),"",Setup!$B$6+(C19-1)*7) | F19: =IF(OR(B19="",C19=""),"",Setup!$B$6+(C19+MAX(1,D19)-2)*7+4) | G19: =IF(B19="","",COUNTIF(Assignments!$C$6:$C$65,B19))
A20: 15 | E20: =IF(OR(B20="",C20=""),"",Setup!$B$6+(C20-1)*7) | F20: =IF(OR(B20="",C20=""),"",Setup!$B$6+(C20+MAX(1,D20)-2)*7+4) | G20: =IF(B20="","",COUNTIF(Assignments!$C$6:$C$65,B20))
A21: 16 | E21: =IF(OR(B21="",C21=""),"",Setup!$B$6+(C21-1)*7) | F21: =IF(OR(B21="",C21=""),"",Setup!$B$6+(C21+MAX(1,D21)-2)*7+4) | G21: =IF(B21="","",COUNTIF(Assignments!$C$6:$C$65,B21))
A22: 17 | E22: =IF(OR(B22="",C22=""),"",Setup!$B$6+(C22-1)*7) | F22: =IF(OR(B22="",C22=""),"",Setup!$B$6+(C22+MAX(1,D22)-2)*7+4) | G22: =IF(B22="","",COUNTIF(Assignments!$C$6:$C$65,B22))
A23: 18 | E23: =IF(OR(B23="",C23=""),"",Setup!$B$6+(C23-1)*7) | F23: =IF(OR(B23="",C23=""),"",Setup!$B$6+(C23+MAX(1,D23)-2)*7+4) | G23: =IF(B23="","",COUNTIF(Assignments!$C$6:$C$65,B23))
A24: 19 | E24: =IF(OR(B24="",C24=""),"",Setup!$B$6+(C24-1)*7) | F24: =IF(OR(B24="",C24=""),"",Setup!$B$6+(C24+MAX(1,D24)-2)*7+4) | G24: =IF(B24="","",COUNTIF(Assignments!$C$6:$C$65,B24))
A25: 20 | E25: =IF(OR(B25="",C25=""),"",Setup!$B$6+(C25-1)*7) | F25: =IF(OR(B25="",C25=""),"",Setup!$B$6+(C25+MAX(1,D25)-2)*7+4) | G25: =IF(B25="","",COUNTIF(Assignments!$C$6:$C$65,B25))
B27: Assignments due | H27: =COUNTIF(Assignments!$H$6:$H$65,H$4) | I27: =COUNTIF(Assignments!$H$6:$H$65,I$4) | J27: =COUNTIF(Assignments!$H$6:$H$65,J$4) | K27: =COUNTIF(Assignments!$H$6:$H$65,K$4) | L27: =COUNTIF(Assignments!$H$6:$H$65,L$4) | M27: =COUNTIF(Assignments!$H$6:$H$65,M$4) | N27: =COUNTIF(Assignments!$H$6:$H$65,N$4) | O27: =COUNTIF(Assignments!$H$6:$H$65,O$4) | ... AA27: =COUNTIF(Assignments!$H$6:$H$65,AA$4)
B28: Points due | H28: =SUMIF(Assignments!$H$6:$H$65,H$4,Assignments!$E$6:$E$65) | I28: =SUMIF(Assignments!$H$6:$H$65,I$4,Assignments!$E$6:$E$65) | J28: =SUMIF(Assignments!$H$6:$H$65,J$4,Assignments!$E$6:$E$65) | K28: =SUMIF(Assignments!$H$6:$H$65,K$4,Assignments!$E$6:$E$65) | L28: =SUMIF(Assignments!$H$6:$H$65,L$4,Assignments!$E$6:$E$65) | M28: =SUMIF(Assignments!$H$6:$H$65,M$4,Assignments!$E$6:$E$65) | N28: =SUMIF(Assignments!$H$6:$H$65,N$4,Assignments!$E$6:$E$65) | O28: =SUMIF(Assignments!$H$6:$H$65,O$4,Assignments!$E$6:$E$65) | ... AA28: =SUMIF(Assignments!$H$6:$H$65,AA$4,Assignments!$E$6:$E$65)

Sheet Assignments
A1: Assignments
A2: Pick a unit and the due date fills in. Type a date only if it differs from the end of the unit.
J3: Flag below: | K3: =Setup!B28
A5: # | B5: Assignment | C5: Unit | D5: Category | E5: Points | F5: Due date (optional) | G5: Due | H5: Week | I5: Due? | J5: Class avg | K5: Turned in | L5: Missing
A6: 1 | B6: Foundations: HW A | C6: Foundations | D6: Homework | E6: 10 | F6: 46254 | G6: =IF(B6="","",IF(F6<>"",F6,IFERROR(INDEX(Pacing!$F$6:$F$25,MATCH(C6,Pacing!$B$6:$B$25,0)),""))) | H6: =IF(G6="","",INT((G6-Setup!$B$6)/7)+1) | I6: =IF(AND(B6<>"",G6<>""),IF(G6<=Setup!$B$8,1,0),0) | J6: =IF(OR(B6="",N(E6)=0),"",IFERROR(AVERAGE(Gradebook!M$10:M$49)/E6,"")) | K6: =IF(I6<>1,"",IFERROR(COUNT(Gradebook!M$10:M$49)/(SUMPRODUCT(--(Gradebook!$B$10:$B$49<>""))-COUNTIF(Gradebook!M$10:M$49,"EX")),"")) | L6: =IF(B6="","",IF(I6=1,SUMPRODUCT((Gradebook!$B$10:$B$49<>"")*(Gradebook!M$10:M$49="")),0)+COUNTIF(Gradebook!M$10:M$49,"M"))
A7: 2 | B7: Foundations: HW B | C7: Foundations | D7: Homework | E7: 10 | F7: 46261 | G7: =IF(B7="","",IF(F7<>"",F7,IFERROR(INDEX(Pacing!$F$6:$F$25,MATCH(C7,Pacing!$B$6:$B$25,0)),""))) | H7: =IF(G7="","",INT((G7-Setup!$B$6)/7)+1) | I7: =IF(AND(B7<>"",G7<>""),IF(G7<=Setup!$B$8,1,0),0) | J7: =IF(OR(B7="",N(E7)=0),"",IFERROR(AVERAGE(Gradebook!N$10:N$49)/E7,"")) | K7: =IF(I7<>1,"",IFERROR(COUNT(Gradebook!N$10:N$49)/(SUMPRODUCT(--(Gradebook!$B$10:$B$49<>""))-COUNTIF(Gradebook!N$10:N$49,"EX")),"")) | L7: =IF(B7="","",IF(I7=1,SUMPRODUCT((Gradebook!$B$10:$B$49<>"")*(Gradebook!N$10:N$49="")),0)+COUNTIF(Gradebook!N$10:N$49,"M"))
A8: 3 | B8: Foundations: Quiz | C8: Foundations | D8: Quizzes | E8: 25 | F8: 46262 | G8: =IF(B8="","",IF(F8<>"",F8,IFERROR(INDEX(Pacing!$F$6:$F$25,MATCH(C8,Pacing!$B$6:$B$25,0)),""))) | H8: =IF(G8="","",INT((G8-Setup!$B$6)/7)+1) | I8: =IF(AND(B8<>"",G8<>""),IF(G8<=Setup!$B$8,1,0),0) | J8: =IF(OR(B8="",N(E8)=0),"",IFERROR(AVERAGE(Gradebook!O$10:O$49)/E8,"")) | K8: =IF(I8<>1,"",IFERROR(COUNT(Gradebook!O$10:O$49)/(SUMPRODUCT(--(Gradebook!$B$10:$B$49<>""))-COUNTIF(Gradebook!O$10:O$49,"EX")),"")) | L8: =IF(B8="","",IF(I8=1,SUMPRODUCT((Gradebook!$B$10:$B$49<>"")*(Gradebook!O$10:O$49="")),0)+COUNTIF(Gradebook!O$10:O$49,"M"))
A9: 4 | B9: Foundations: Participation | C9: Foundations | D9: Participation | E9: 10 | G9: =IF(B9="","",IF(F9<>"",F9,IFERROR(INDEX(Pacing!$F$6:$F$25,MATCH(C9,Pacing!$B$6:$B$25,0)),""))) | H9: =IF(G9="","",INT((G9-Setup!$B$6)/7)+1) | I9: =IF(AND(B9<>"",G9<>""),IF(G9<=Setup!$B$8,1,0),0) | J9: =IF(OR(B9="",N(E9)=0),"",IFERROR(AVERAGE(Gradebook!P$10:P$49)/E9,"")) | K9: =IF(I9<>1,"",IFERROR(COUNT(Gradebook!P$10:P$49)/(SUMPRODUCT(--(Gradebook!$B$10:$B$49<>""))-COUNTIF(Gradebook!P$10:P$49,"EX")),"")) | L9: =IF(B9="","",IF(I9=1,SUMPRODUCT((Gradebook!$B$10:$B$49<>"")*(Gradebook!P$10:P$49="")),0)+COUNTIF(Gradebook!P$10:P$49,"M"))
A10: 5 | B10: Foundations: Test | C10: Foundations | D10: Tests | E10: 100 | G10: =IF(B10="","",IF(F10<>"",F10,IFERROR(INDEX(Pacing!$F$6:$F$25,MATCH(C10,Pacing!$B$6:$B$25,0)),""))) | H10: =IF(G10="","",INT((G10-Setup!$B$6)/7)+1) | I10: =IF(AND(B10<>"",G10<>""),IF(G10<=Setup!$B$8,1,0),0) | J10: =IF(OR(B10="",N(E10)=0),"",IFERROR(AVERAGE(Gradebook!Q$10:Q$49)/E10,"")) | K10: =IF(I10<>1,"",IFERROR(COUNT(Gradebook!Q$10:Q$49)/(SUMPRODUCT(--(Gradebook!$B$10:$B$49<>""))-COUNTIF(Gradebook!Q$10:Q$49,"EX")),"")) | L10: =IF(B10="","",IF(I10=1,SUMPRODUCT((Gradebook!$B$10:$B$49<>"")*(Gradebook!Q$10:Q$49="")),0)+COUNTIF(Gradebook!Q$10:Q$49,"M"))
A11: 6 | B11: Linear Equations: HW A | C11: Linear Equations | D11: Homework | E11: 10 | F11: 46275 | G11: =IF(B11="","",IF(F11<>"",F11,IFERROR(INDEX(Pacing!$F$6:$F$25,MATCH(C11,Pacing!$B$6:$B$25,0)),""))) | H11: =IF(G11="","",INT((G11-Setup!$B$6)/7)+1) | I11: =IF(AND(B11<>"",G11<>""),IF(G11<=Setup!$B$8,1,0),0) | J11: =IF(OR(B11="",N(E11)=0),"",IFERROR(AVERAGE(Gradebook!R$10:R$49)/E11,"")) | K11: =IF(I11<>1,"",IFERROR(COUNT(Gradebook!R$10:R$49)/(SUMPRODUCT(--(Gradebook!$B$10:$B$49<>""))-COUNTIF(Gradebook!R$10:R$49,"EX")),"")) | L11: =IF(B11="","",IF(I11=1,SUMPRODUCT((Gradebook!$B$10:$B$49<>"")*(Gradebook!R$10:R$49="")),0)+COUNTIF(Gradebook!R$10:R$49,"M"))
A12: 7 | B12: Linear Equations: HW B | C12: Linear Equations | D12: Homework | E12: 10 | F12: 46282 | G12: =IF(B12="","",IF(F12<>"",F12,IFERROR(INDEX(Pacing!$F$6:$F$25,MATCH(C12,Pacing!$B$6:$B$25,0)),""))) | H12: =IF(G12="","",INT((G12-Setup!$B$6)/7)+1) | I12: =IF(AND(B12<>"",G12<>""),IF(G12<=Setup!$B$8,1,0),0) | J12: =IF(OR(B12="",N(E12)=0),"",IFERROR(AVERAGE(Gradebook!S$10:S$49)/E12,"")) | K12: =IF(I12<>1,"",IFERROR(COUNT(Gradebook!S$10:S$49)/(SUMPRODUCT(--(Gradebook!$B$10:$B$49<>""))-COUNTIF(Gradebook!S$10:S$49,"EX")),"")) | L12: =IF(B12="","",IF(I12=1,SUMPRODUCT((Gradebook!$B$10:$B$49<>"")*(Gradebook!S$10:S$49="")),0)+COUNTIF(Gradebook!S$10:S$49,"M"))
A13: 8 | B13: Linear Equations: Quiz | C13: Linear Equations | D13: Quizzes | E13: 25 | F13: 46283 | G13: =IF(B13="","",IF(F13<>"",F13,IFERROR(INDEX(Pacing!$F$6:$F$25,MATCH(C13,Pacing!$B$6:$B$25,0)),""))) | H13: =IF(G13="","",INT((G13-Setup!$B$6)/7)+1) | I13: =IF(AND(B13<>"",G13<>""),IF(G13<=Setup!$B$8,1,0),0) | J13: =IF(OR(B13="",N(E13)=0),"",IFERROR(AVERAGE(Gradebook!T$10:T$49)/E13,"")) | K13: =IF(I13<>1,"",IFERROR(COUNT(Gradebook!T$10:T$49)/(SUMPRODUCT(--(Gradebook!$B$10:$B$49<>""))-COUNTIF(Gradebook!T$10:T$49,"EX")),"")) | L13: =IF(B13="","",IF(I13=1,SUMPRODUCT((Gradebook!$B$10:$B$49<>"")*(Gradebook!T$10:T$49="")),0)+COUNTIF(Gradebook!T$10:T$49,"M"))
A14: 9 | B14: Linear Equations: Participation | C14: Linear Equations | D14: Participation | E14: 10 | G14: =IF(B14="","",IF(F14<>"",F14,IFERROR(INDEX(Pacing!$F$6:$F$25,MATCH(C14,Pacing!$B$6:$B$25,0)),""))) | H14: =IF(G14="","",INT((G14-Setup!$B$6)/7)+1) | I14: =IF(AND(B14<>"",G14<>""),IF(G14<=Setup!$B$8,1,0),0) | J14: =IF(OR(B14="",N(E14)=0),"",IFERROR(AVERAGE(Gradebook!U$10:U$49)/E14,"")) | K14: =IF(I14<>1,"",IFERROR(COUNT(Gradebook!U$10:U$49)/(SUMPRODUCT(--(Gradebook!$B$10:$B$49<>""))-COUNTIF(Gradebook!U$10:U$49,"EX")),"")) | L14: =IF(B14="","",IF(I14=1,SUMPRODUCT((Gradebook!$B$10:$B$49<>"")*(Gradebook!U$10:U$49="")),0)+COUNTIF(Gradebook!U$10:U$49,"M"))
A15: 10 | B15: Linear Equations: Test | C15: Linear Equations | D15: Tests | E15: 100 | G15: =IF(B15="","",IF(F15<>"",F15,IFERROR(INDEX(Pacing!$F$6:$F$25,MATCH(C15,Pacing!$B$6:$B$25,0)),""))) | H15: =IF(G15="","",INT((G15-Setup!$B$6)/7)+1) | I15: =IF(AND(B15<>"",G15<>""),IF(G15<=Setup!$B$8,1,0),0) | J15: =IF(OR(B15="",N(E15)=0),"",IFERROR(AVERAGE(Gradebook!V$10:V$49)/E15,"")) | K15: =IF(I15<>1,"",IFERROR(COUNT(Gradebook!V$10:V$49)/(SUMPRODUCT(--(Gradebook!$B$10:$B$49<>""))-COUNTIF(Gradebook!V$10:V$49,"EX")),"")) | L15: =IF(B15="","",IF(I15=1,SUMPRODUCT((Gradebook!$B$10:$B$49<>"")*(Gradebook!V$10:V$49="")),0)+COUNTIF(Gradebook!V$10:V$49,"M"))
A16: 11 | B16: Functions: HW A | C16: Functions | D16: Homework | E16: 10 | F16: 46296 | G16: =IF(B16="","",IF(F16<>"",F16,IFERROR(INDEX(Pacing!$F$6:$F$25,MATCH(C16,Pacing!$B$6:$B$25,0)),""))) | H16: =IF(G16="","",INT((G16-Setup!$B$6)/7)+1) | I16: =IF(AND(B16<>"",G16<>""),IF(G16<=Setup!$B$8,1,0),0) | J16: =IF(OR(B16="",N(E16)=0),"",IFERROR(AVERAGE(Gradebook!W$10:W$49)/E16,"")) | K16: =IF(I16<>1,"",IFERROR(COUNT(Gradebook!W$10:W$49)/(SUMPRODUCT(--(Gradebook!$B$10:$B$49<>""))-COUNTIF(Gradebook!W$10:W$49,"EX")),"")) | L16: =IF(B16="","",IF(I16=1,SUMPRODUCT((Gradebook!$B$10:$B$49<>"")*(Gradebook!W$10:W$49="")),0)+COUNTIF(Gradebook!W$10:W$49,"M"))
A17: 12 | B17: Functions: HW B | C17: Functions | D17: Homework | E17: 10 | F17: 46303 | G17: =IF(B17="","",IF(F17<>"",F17,IFERROR(INDEX(Pacing!$F$6:$F$25,MATCH(C17,Pacing!$B$6:$B$25,0)),""))) | H17: =IF(G17="","",INT((G17-Setup!$B$6)/7)+1) | I17: =IF(AND(B17<>"",G17<>""),IF(G17<=Setup!$B$8,1,0),0) | J17: =IF(OR(B17="",N(E17)=0),"",IFERROR(AVERAGE(Gradebook!X$10:X$49)/E17,"")) | K17: =IF(I17<>1,"",IFERROR(COUNT(Gradebook!X$10:X$49)/(SUMPRODUCT(--(Gradebook!$B$10:$B$49<>""))-COUNTIF(Gradebook!X$10:X$49,"EX")),"")) | L17: =IF(B17="","",IF(I17=1,SUMPRODUCT((Gradebook!$B$10:$B$49<>"")*(Gradebook!X$10:X$49="")),0)+COUNTIF(Gradebook!X$10:X$49,"M"))
A18: 13 | B18: Functions: Quiz | C18: Functions | D18: Quizzes | E18: 25 | F18: 46304 | G18: =IF(B18="","",IF(F18<>"",F18,IFERROR(INDEX(Pacing!$F$6:$F$25,MATCH(C18,Pacing!$B$6:$B$25,0)),""))) | H18: =IF(G18="","",INT((G18-Setup!$B$6)/7)+1) | I18: =IF(AND(B18<>"",G18<>""),IF(G18<=Setup!$B$8,1,0),0) | J18: =IF(OR(B18="",N(E18)=0),"",IFERROR(AVERAGE(Gradebook!Y$10:Y$49)/E18,"")) | K18: =IF(I18<>1,"",IFERROR(COUNT(Gradebook!Y$10:Y$49)/(SUMPRODUCT(--(Gradebook!$B$10:$B$49<>""))-COUNTIF(Gradebook!Y$10:Y$49,"EX")),"")) | L18: =IF(B18="","",IF(I18=1,SUMPRODUCT((Gradebook!$B$10:$B$49<>"")*(Gradebook!Y$10:Y$49="")),0)+COUNTIF(Gradebook!Y$10:Y$49,"M"))
A19: 14 | B19: Functions Project | C19: Functions | D19: Projects | E19: 50 | G19: =IF(B19="","",IF(F19<>"",F19,IFERROR(INDEX(Pacing!$F$6:$F$25,MATCH(C19,Pacing!$B$6:$B$25,0)),""))) | H19: =IF(G19="","",INT((G19-Setup!$B$6)/7)+1) | I19: =IF(AND(B19<>"",G19<>""),IF(G19<=Setup!$B$8,1,0),0) | J19: =IF(OR(B19="",N(E19)=0),"",IFERROR(AVERAGE(Gradebook!Z$10:Z$49)/E19,"")) | K19: =IF(I19<>1,"",IFERROR(COUNT(Gradebook!Z$10:Z$49)/(SUMPRODUCT(--(Gradebook!$B$10:$B$49<>""))-COUNTIF(Gradebook!Z$10:Z$49,"EX")),"")) | L19: =IF(B19="","",IF(I19=1,SUMPRODUCT((Gradebook!$B$10:$B$49<>"")*(Gradebook!Z$10:Z$49="")),0)+COUNTIF(Gradebook!Z$10:Z$49,"M"))
A20: 15 | B20: Functions: Participation | C20: Functions | D20: Participation | E20: 10 | G20: =IF(B20="","",IF(F20<>"",F20,IFERROR(INDEX(Pacing!$F$6:$F$25,MATCH(C20,Pacing!$B$6:$B$25,0)),""))) | H20: =IF(G20="","",INT((G20-Setup!$B$6)/7)+1) | I20: =IF(AND(B20<>"",G20<>""),IF(G20<=Setup!$B$8,1,0),0) | J20: =IF(OR(B20="",N(E20)=0),"",IFERROR(AVERAGE(Gradebook!AA$10:AA$49)/E20,"")) | K20: =IF(I20<>1,"",IFERROR(COUNT(Gradebook!AA$10:AA$49)/(SUMPRODUCT(--(Gradebook!$B$10:$B$49<>""))-COUNTIF(Gradebook!AA$10:AA$49,"EX")),"")) | L20: =IF(B20="","",IF(I20=1,SUMPRODUCT((Gradebook!$B$10:$B$49<>"")*(Gradebook!AA$10:AA$49="")),0)+COUNTIF(Gradebook!AA$10:AA$49,"M"))
A21: 16 | B21: Functions: Test | C21: Functions | D21: Tests | E21: 100 | G21: =IF(B21="","",IF(F21<>"",F21,IFERROR(INDEX(Pacing!$F$6:$F$25,MATCH(C21,Pacing!$B$6:$B$25,0)),""))) | H21: =IF(G21="","",INT((G21-Setup!$B$6)/7)+1) | I21: =IF(AND(B21<>"",G21<>""),IF(G21<=Setup!$B$8,1,0),0) | J21: =IF(OR(B21="",N(E21)=0),"",IFERROR(AVERAGE(Gradebook!AB$10:AB$49)/E21,"")) | K21: =IF(I21<>1,"",IFERROR(COUNT(Gradebook!AB$10:AB$49)/(SUMPRODUCT(--(Gradebook!$B$10:$B$49<>""))-COUNTIF(Gradebook!AB$10:AB$49,"EX")),"")) | L21: =IF(B21="","",IF(I21=1,SUMPRODUCT((Gradebook!$B$10:$B$49<>"")*(Gradebook!AB$10:AB$49="")),0)+COUNTIF(Gradebook!AB$10:AB$49,"M"))
A22: 17 | B22: Midterm Review Packet | C22: Midterm Review | D22: Homework | E22: 20 | G22: =IF(B22="","",IF(F22<>"",F22,IFERROR(INDEX(Pacing!$F$6:$F$25,MATCH(C22,Pacing!$B$6:$B$25,0)),""))) | H22: =IF(G22="","",INT((G22-Setup!$B$6)/7)+1) | I22: =IF(AND(B22<>"",G22<>""),IF(G22<=Setup!$B$8,1,0),0) | J22: =IF(OR(B22="",N(E22)=0),"",IFERROR(AVERAGE(Gradebook!AC$10:AC$49)/E22,"")) | K22: =IF(I22<>1,"",IFERROR(COUNT(Gradebook!AC$10:AC$49)/(SUMPRODUCT(--(Gradebook!$B$10:$B$49<>""))-COUNTIF(Gradebook!AC$10:AC$49,"EX")),"")) | L22: =IF(B22="","",IF(I22=1,SUMPRODUCT((Gradebook!$B$10:$B$49<>"")*(Gradebook!AC$10:AC$49="")),0)+COUNTIF(Gradebook!AC$10:AC$49,"M"))
A23: 18 | B23: Midterm Exam | C23: Midterm Review | D23: Tests | E23: 100 | G23: =IF(B23="","",IF(F23<>"",F23,IFERROR(INDEX(Pacing!$F$6:$F$25,MATCH(C23,Pacing!$B$6:$B$25,0)),""))) | H23: =IF(G23="","",INT((G23-Setup!$B$6)/7)+1) | I23: =IF(AND(B23<>"",G23<>""),IF(G23<=Setup!$B$8,1,0),0) | J23: =IF(OR(B23="",N(E23)=0),"",IFERROR(AVERAGE(Gradebook!AD$10:AD$49)/E23,"")) | K23: =IF(I23<>1,"",IFERROR(COUNT(Gradebook!AD$10:AD$49)/(SUMPRODUCT(--(Gradebook!$B$10:$B$49<>""))-COUNTIF(Gradebook!AD$10:AD$49,"EX")),"")) | L23: =IF(B23="","",IF(I23=1,SUMPRODUCT((Gradebook!$B$10:$B$49<>"")*(Gradebook!AD$10:AD$49="")),0)+COUNTIF(Gradebook!AD$10:AD$49,"M"))
A24: 19 | B24: Systems of Equations: HW A | C24: Systems of Equations | D24: Homework | E24: 10 | F24: 46324 | G24: =IF(B24="","",IF(F24<>"",F24,IFERROR(INDEX(Pacing!$F$6:$F$25,MATCH(C24,Pacing!$B$6:$B$25,0)),""))) | H24: =IF(G24="","",INT((G24-Setup!$B$6)/7)+1) | I24: =IF(AND(B24<>"",G24<>""),IF(G24<=Setup!$B$8,1,0),0) | J24: =IF(OR(B24="",N(E24)=0),"",IFERROR(AVERAGE(Gradebook!AE$10:AE$49)/E24,"")) | K24: =IF(I24<>1,"",IFERROR(COUNT(Gradebook!AE$10:AE$49)/(SUMPRODUCT(--(Gradebook!$B$10:$B$49<>""))-COUNTIF(Gradebook!AE$10:AE$49,"EX")),"")) | L24: =IF(B24="","",IF(I24=1,SUMPRODUCT((Gradebook!$B$10:$B$49<>"")*(Gradebook!AE$10:AE$49="")),0)+COUNTIF(Gradebook!AE$10:AE$49,"M"))
A25: 20 | B25: Systems of Equations: HW B | C25: Systems of Equations | D25: Homework | E25: 10 | F25: 46331 | G25: =IF(B25="","",IF(F25<>"",F25,IFERROR(INDEX(Pacing!$F$6:$F$25,MATCH(C25,Pacing!$B$6:$B$25,0)),""))) | H25: =IF(G25="","",INT((G25-Setup!$B$6)/7)+1) | I25: =IF(AND(B25<>"",G25<>""),IF(G25<=Setup!$B$8,1,0),0) | J25: =IF(OR(B25="",N(E25)=0),"",IFERROR(AVERAGE(Gradebook!AF$10:AF$49)/E25,"")) | K25: =IF(I25<>1,"",IFERROR(COUNT(Gradebook!AF$10:AF$49)/(SUMPRODUCT(--(Gradebook!$B$10:$B$49<>""))-COUNTIF(Gradebook!AF$10:AF$49,"EX")),"")) | L25: =IF(B25="","",IF(I25=1,SUMPRODUCT((Gradebook!$B$10:$B$49<>"")*(Gradebook!AF$10:AF$49="")),0)+COUNTIF(Gradebook!AF$10:AF$49,"M"))
A26: 21 | B26: Systems of Equations: Quiz | C26: Systems of Equations | D26: Quizzes | E26: 25 | F26: 46332 | G26: =IF(B26="","",IF(F26<>"",F26,IFERROR(INDEX(Pacing!$F$6:$F$25,MATCH(C26,Pacing!$B$6:$B$25,0)),""))) | H26: =IF(G26="","",INT((G26-Setup!$B$6)/7)+1) | I26: =IF(AND(B26<>"",G26<>""),IF(G26<=Setup!$B$8,1,0),0) | J26: =IF(OR(B26="",N(E26)=0),"",IFERROR(AVERAGE(Gradebook!AG$10:AG$49)/E26,"")) | K26: =IF(I26<>1,"",IFERROR(COUNT(Gradebook!AG$10:AG$49)/(SUMPRODUCT(--(Gradebook!$B$10:$B$49<>""))-COUNTIF(Gradebook!AG$10:AG$49,"EX")),"")) | L26: =IF(B26="","",IF(I26=1,SUMPRODUCT((Gradebook!$B$10:$B$49<>"")*(Gradebook!AG$10:AG$49="")),0)+COUNTIF(Gradebook!AG$10:AG$49,"M"))
A27: 22 | B27: Systems of Equations: Participation | C27: Systems of Equations | D27: Participation | E27: 10 | G27: =IF(B27="","",IF(F27<>"",F27,IFERROR(INDEX(Pacing!$F$6:$F$25,MATCH(C27,Pacing!$B$6:$B$25,0)),""))) | H27: =IF(G27="","",INT((G27-Setup!$B$6)/7)+1) | I27: =IF(AND(B27<>"",G27<>""),IF(G27<=Setup!$B$8,1,0),0) | J27: =IF(OR(B27="",N(E27)=0),"",IFERROR(AVERAGE(Gradebook!AH$10:AH$49)/E27,"")) | K27: =IF(I27<>1,"",IFERROR(COUNT(Gradebook!AH$10:AH$49)/(SUMPRODUCT(--(Gradebook!$B$10:$B$49<>""))-COUNTIF(Gradebook!AH$10:AH$49,"EX")),"")) | L27: =IF(B27="","",IF(I27=1,SUMPRODUCT((Gradebook!$B$10:$B$49<>"")*(Gradebook!AH$10:AH$49="")),0)+COUNTIF(Gradebook!AH$10:AH$49,"M"))
A28: 23 | B28: Systems of Equations: Test | C28: Systems of Equations | D28: Tests | E28: 100 | G28: =IF(B28="","",IF(F28<>"",F28,IFERROR(INDEX(Pacing!$F$6:$F$25,MATCH(C28,Pacing!$B$6:$B$25,0)),""))) | H28: =IF(G28="","",INT((G28-Setup!$B$6)/7)+1) | I28: =IF(AND(B28<>"",G28<>""),IF(G28<=Setup!$B$8,1,0),0) | J28: =IF(OR(B28="",N(E28)=0),"",IFERROR(AVERAGE(Gradebook!AI$10:AI$49)/E28,"")) | K28: =IF(I28<>1,"",IFERROR(COUNT(Gradebook!AI$10:AI$49)/(SUMPRODUCT(--(Gradebook!$B$10:$B$49<>""))-COUNTIF(Gradebook!AI$10:AI$49,"EX")),"")) | L28: =IF(B28="","",IF(I28=1,SUMPRODUCT((Gradebook!$B$10:$B$49<>"")*(Gradebook!AI$10:AI$49="")),0)+COUNTIF(Gradebook!AI$10:AI$49,"M"))
A29: 24 | B29: Quadratics: HW A | C29: Quadratics | D29: Homework | E29: 10 | F29: 46345 | G29: =IF(B29="","",IF(F29<>"",F29,IFERROR(INDEX(Pacing!$F$6:$F$25,MATCH(C29,Pacing!$B$6:$B$25,0)),""))) | H29: =IF(G29="","",INT((G29-Setup!$B$6)/7)+1) | I29: =IF(AND(B29<>"",G29<>""),IF(G29<=Setup!$B$8,1,0),0) | J29: =IF(OR(B29="",N(E29)=0),"",IFERROR(AVERAGE(Gradebook!AJ$10:AJ$49)/E29,"")) | K29: =IF(I29<>1,"",IFERROR(COUNT(Gradebook!AJ$10:AJ$49)/(SUMPRODUCT(--(Gradebook!$B$10:$B$49<>""))-COUNTIF(Gradebook!AJ$10:AJ$49,"EX")),"")) | L29: =IF(B29="","",IF(I29=1,SUMPRODUCT((Gradebook!$B$10:$B$49<>"")*(Gradebook!AJ$10:AJ$49="")),0)+COUNTIF(Gradebook!AJ$10:AJ$49,"M"))
A30: 25 | B30: Quadratics: HW B | C30: Quadratics | D30: Homework | E30: 10 | F30: 46352 | G30: =IF(B30="","",IF(F30<>"",F30,IFERROR(INDEX(Pacing!$F$6:$F$25,MATCH(C30,Pacing!$B$6:$B$25,0)),""))) | H30: =IF(G30="","",INT((G30-Setup!$B$6)/7)+1) | I30: =IF(AND(B30<>"",G30<>""),IF(G30<=Setup!$B$8,1,0),0) | J30: =IF(OR(B30="",N(E30)=0),"",IFERROR(AVERAGE(Gradebook!AK$10:AK$49)/E30,"")) | K30: =IF(I30<>1,"",IFERROR(COUNT(Gradebook!AK$10:AK$49)/(SUMPRODUCT(--(Gradebook!$B$10:$B$49<>""))-COUNTIF(Gradebook!AK$10:AK$49,"EX")),"")) | L30: =IF(B30="","",IF(I30=1,SUMPRODUCT((Gradebook!$B$10:$B$49<>"")*(Gradebook!AK$10:AK$49="")),0)+COUNTIF(Gradebook!AK$10:AK$49,"M"))
A31: 26 | B31: Quadratics: Quiz | C31: Quadratics | D31: Quizzes | E31: 25 | F31: 46353 | G31: =IF(B31="","",IF(F31<>"",F31,IFERROR(INDEX(Pacing!$F$6:$F$25,MATCH(C31,Pacing!$B$6:$B$25,0)),""))) | H31: =IF(G31="","",INT((G31-Setup!$B$6)/7)+1) | I31: =IF(AND(B31<>"",G31<>""),IF(G31<=Setup!$B$8,1,0),0) | J31: =IF(OR(B31="",N(E31)=0),"",IFERROR(AVERAGE(Gradebook!AL$10:AL$49)/E31,"")) | K31: =IF(I31<>1,"",IFERROR(COUNT(Gradebook!AL$10:AL$49)/(SUMPRODUCT(--(Gradebook!$B$10:$B$49<>""))-COUNTIF(Gradebook!AL$10:AL$49,"EX")),"")) | L31: =IF(B31="","",IF(I31=1,SUMPRODUCT((Gradebook!$B$10:$B$49<>"")*(Gradebook!AL$10:AL$49="")),0)+COUNTIF(Gradebook!AL$10:AL$49,"M"))
A32: 27 | B32: Quadratics: Participation | C32: Quadratics | D32: Participation | E32: 10 | G32: =IF(B32="","",IF(F32<>"",F32,IFERROR(INDEX(Pacing!$F$6:$F$25,MATCH(C32,Pacing!$B$6:$B$25,0)),""))) | H32: =IF(G32="","",INT((G32-Setup!$B$6)/7)+1) | I32: =IF(AND(B32<>"",G32<>""),IF(G32<=Setup!$B$8,1,0),0) | J32: =IF(OR(B32="",N(E32)=0),"",IFERROR(AVERAGE(Gradebook!AM$10:AM$49)/E32,"")) | K32: =IF(I32<>1,"",IFERROR(COUNT(Gradebook!AM$10:AM$49)/(SUMPRODUCT(--(Gradebook!$B$10:$B$49<>""))-COUNTIF(Gradebook!AM$10:AM$49,"EX")),"")) | L32: =IF(B32="","",IF(I32=1,SUMPRODUCT((Gradebook!$B$10:$B$49<>"")*(Gradebook!AM$10:AM$49="")),0)+COUNTIF(Gradebook!AM$10:AM$49,"M"))
A33: 28 | B33: Quadratics: Test | C33: Quadratics | D33: Tests | E33: 100 | G33: =IF(B33="","",IF(F33<>"",F33,IFERROR(INDEX(Pacing!$F$6:$F$25,MATCH(C33,Pacing!$B$6:$B$25,0)),""))) | H33: =IF(G33="","",INT((G33-Setup!$B$6)/7)+1) | I33: =IF(AND(B33<>"",G33<>""),IF(G33<=Setup!$B$8,1,0),0) | J33: =IF(OR(B33="",N(E33)=0),"",IFERROR(AVERAGE(Gradebook!AN$10:AN$49)/E33,"")) | K33: =IF(I33<>1,"",IFERROR(COUNT(Gradebook!AN$10:AN$49)/(SUMPRODUCT(--(Gradebook!$B$10:$B$49<>""))-COUNTIF(Gradebook!AN$10:AN$49,"EX")),"")) | L33: =IF(B33="","",IF(I33=1,SUMPRODUCT((Gradebook!$B$10:$B$49<>"")*(Gradebook!AN$10:AN$49="")),0)+COUNTIF(Gradebook!AN$10:AN$49,"M"))
A34: 29 | B34: Final Review Packet | C34: Final Review | D34: Homework | E34: 20 | G34: =IF(B34="","",IF(F34<>"",F34,IFERROR(INDEX(Pacing!$F$6:$F$25,MATCH(C34,Pacing!$B$6:$B$25,0)),""))) | H34: =IF(G34="","",INT((G34-Setup!$B$6)/7)+1) | I34: =IF(AND(B34<>"",G34<>""),IF(G34<=Setup!$B$8,1,0),0) | J34: =IF(OR(B34="",N(E34)=0),"",IFERROR(AVERAGE(Gradebook!AO$10:AO$49)/E34,"")) | K34: =IF(I34<>1,"",IFERROR(COUNT(Gradebook!AO$10:AO$49)/(SUMPRODUCT(--(Gradebook!$B$10:$B$49<>""))-COUNTIF(Gradebook!AO$10:AO$49,"EX")),"")) | L34: =IF(B34="","",IF(I34=1,SUMPRODUCT((Gradebook!$B$10:$B$49<>"")*(Gradebook!AO$10:AO$49="")),0)+COUNTIF(Gradebook!AO$10:AO$49,"M"))
A35: 30 | B35: Final Exam | C35: Final Review | D35: Tests | E35: 100 | G35: =IF(B35="","",IF(F35<>"",F35,IFERROR(INDEX(Pacing!$F$6:$F$25,MATCH(C35,Pacing!$B$6:$B$25,0)),""))) | H35: =IF(G35="","",INT((G35-Setup!$B$6)/7)+1) | I35: =IF(AND(B35<>"",G35<>""),IF(G35<=Setup!$B$8,1,0),0) | J35: =IF(OR(B35="",N(E35)=0),"",IFERROR(AVERAGE(Gradebook!AP$10:AP$49)/E35,"")) | K35: =IF(I35<>1,"",IFERROR(COUNT(Gradebook!AP$10:AP$49)/(SUMPRODUCT(--(Gradebook!$B$10:$B$49<>""))-COUNTIF(Gradebook!AP$10:AP$49,"EX")),"")) | L35: =IF(B35="","",IF(I35=1,SUMPRODUCT((Gradebook!$B$10:$B$49<>"")*(Gradebook!AP$10:AP$49="")),0)+COUNTIF(Gradebook!AP$10:AP$49,"M"))
A36: 31 | G36: =IF(B36="","",IF(F36<>"",F36,IFERROR(INDEX(Pacing!$F$6:$F$25,MATCH(C36,Pacing!$B$6:$B$25,0)),""))) | H36: =IF(G36="","",INT((G36-Setup!$B$6)/7)+1) | I36: =IF(AND(B36<>"",G36<>""),IF(G36<=Setup!$B$8,1,0),0) | J36: =IF(OR(B36="",N(E36)=0),"",IFERROR(AVERAGE(Gradebook!AQ$10:AQ$49)/E36,"")) | K36: =IF(I36<>1,"",IFERROR(COUNT(Gradebook!AQ$10:AQ$49)/(SUMPRODUCT(--(Gradebook!$B$10:$B$49<>""))-COUNTIF(Gradebook!AQ$10:AQ$49,"EX")),"")) | L36: =IF(B36="","",IF(I36=1,SUMPRODUCT((Gradebook!$B$10:$B$49<>"")*(Gradebook!AQ$10:AQ$49="")),0)+COUNTIF(Gradebook!AQ$10:AQ$49,"M"))
A37: 32 | G37: =IF(B37="","",IF(F37<>"",F37,IFERROR(INDEX(Pacing!$F$6:$F$25,MATCH(C37,Pacing!$B$6:$B$25,0)),""))) | H37: =IF(G37="","",INT((G37-Setup!$B$6)/7)+1) | I37: =IF(AND(B37<>"",G37<>""),IF(G37<=Setup!$B$8,1,0),0) | J37: =IF(OR(B37="",N(E37)=0),"",IFERROR(AVERAGE(Gradebook!AR$10:AR$49)/E37,"")) | K37: =IF(I37<>1,"",IFERROR(COUNT(Gradebook!AR$10:AR$49)/(SUMPRODUCT(--(Gradebook!$B$10:$B$49<>""))-COUNTIF(Gradebook!AR$10:AR$49,"EX")),"")) | L37: =IF(B37="","",IF(I37=1,SUMPRODUCT((Gradebook!$B$10:$B$49<>"")*(Gradebook!AR$10:AR$49="")),0)+COUNTIF(Gradebook!AR$10:AR$49,"M"))
A38: 33 | G38: =IF(B38="","",IF(F38<>"",F38,IFERROR(INDEX(Pacing!$F$6:$F$25,MATCH(C38,Pacing!$B$6:$B$25,0)),""))) | H38: =IF(G38="","",INT((G38-Setup!$B$6)/7)+1) | I38: =IF(AND(B38<>"",G38<>""),IF(G38<=Setup!$B$8,1,0),0) | J38: =IF(OR(B38="",N(E38)=0),"",IFERROR(AVERAGE(Gradebook!AS$10:AS$49)/E38,"")) | K38: =IF(I38<>1,"",IFERROR(COUNT(Gradebook!AS$10:AS$49)/(SUMPRODUCT(--(Gradebook!$B$10:$B$49<>""))-COUNTIF(Gradebook!AS$10:AS$49,"EX")),"")) | L38: =IF(B38="","",IF(I38=1,SUMPRODUCT((Gradebook!$B$10:$B$49<>"")*(Gradebook!AS$10:AS$49="")),0)+COUNTIF(Gradebook!AS$10:AS$49,"M"))
A39: 34 | G39: =IF(B39="","",IF(F39<>"",F39,IFERROR(INDEX(Pacing!$F$6:$F$25,MATCH(C39,Pacing!$B$6:$B$25,0)),""))) | H39: =IF(G39="","",INT((G39-Setup!$B$6)/7)+1) | I39: =IF(AND(B39<>"",G39<>""),IF(G39<=Setup!$B$8,1,0),0) | J39: =IF(OR(B39="",N(E39)=0),"",IFERROR(AVERAGE(Gradebook!AT$10:AT$49)/E39,"")) | K39: =IF(I39<>1,"",IFERROR(COUNT(Gradebook!AT$10:AT$49)/(SUMPRODUCT(--(Gradebook!$B$10:$B$49<>""))-COUNTIF(Gradebook!AT$10:AT$49,"EX")),"")) | L39: =IF(B39="","",IF(I39=1,SUMPRODUCT((Gradebook!$B$10:$B$49<>"")*(Gradebook!AT$10:AT$49="")),0)+COUNTIF(Gradebook!AT$10:AT$49,"M"))
A40: 35 | G40: =IF(B40="","",IF(F40<>"",F40,IFERROR(INDEX(Pacing!$F$6:$F$25,MATCH(C40,Pacing!$B$6:$B$25,0)),""))) | H40: =IF(G40="","",INT((G40-Setup!$B$6)/7)+1) | I40: =IF(AND(B40<>"",G40<>""),IF(G40<=Setup!$B$8,1,0),0) | J40: =IF(OR(B40="",N(E40)=0),"",IFERROR(AVERAGE(Gradebook!AU$10:AU$49)/E40,"")) | K40: =IF(I40<>1,"",IFERROR(COUNT(Gradebook!AU$10:AU$49)/(SUMPRODUCT(--(Gradebook!$B$10:$B$49<>""))-COUNTIF(Gradebook!AU$10:AU$49,"EX")),"")) | L40: =IF(B40="","",IF(I40=1,SUMPRODUCT((Gradebook!$B$10:$B$49<>"")*(Gradebook!AU$10:AU$49="")),0)+COUNTIF(Gradebook!AU$10:AU$49,"M"))
A41: 36 | G41: =IF(B41="","",IF(F41<>"",F41,IFERROR(INDEX(Pacing!$F$6:$F$25,MATCH(C41,Pacing!$B$6:$B$25,0)),""))) | H41: =IF(G41="","",INT((G41-Setup!$B$6)/7)+1) | I41: =IF(AND(B41<>"",G41<>""),IF(G41<=Setup!$B$8,1,0),0) | J41: =IF(OR(B41="",N(E41)=0),"",IFERROR(AVERAGE(Gradebook!AV$10:AV$49)/E41,"")) | K41: =IF(I41<>1,"",IFERROR(COUNT(Gradebook!AV$10:AV$49)/(SUMPRODUCT(--(Gradebook!$B$10:$B$49<>""))-COUNTIF(Gradebook!AV$10:AV$49,"EX")),"")) | L41: =IF(B41="","",IF(I41=1,SUMPRODUCT((Gradebook!$B$10:$B$49<>"")*(Gradebook!AV$10:AV$49="")),0)+COUNTIF(Gradebook!AV$10:AV$49,"M"))
A42: 37 | G42: =IF(B42="","",IF(F42<>"",F42,IFERROR(INDEX(Pacing!$F$6:$F$25,MATCH(C42,Pacing!$B$6:$B$25,0)),""))) | H42: =IF(G42="","",INT((G42-Setup!$B$6)/7)+1) | I42: =IF(AND(B42<>"",G42<>""),IF(G42<=Setup!$B$8,1,0),0) | J42: =IF(OR(B42="",N(E42)=0),"",IFERROR(AVERAGE(Gradebook!AW$10:AW$49)/E42,"")) | K42: =IF(I42<>1,"",IFERROR(COUNT(Gradebook!AW$10:AW$49)/(SUMPRODUCT(--(Gradebook!$B$10:$B$49<>""))-COUNTIF(Gradebook!AW$10:AW$49,"EX")),"")) | L42: =IF(B42="","",IF(I42=1,SUMPRODUCT((Gradebook!$B$10:$B$49<>"")*(Gradebook!AW$10:AW$49="")),0)+COUNTIF(Gradebook!AW$10:AW$49,"M"))
A43: 38 | G43: =IF(B43="","",IF(F43<>"",F43,IFERROR(INDEX(Pacing!$F$6:$F$25,MATCH(C43,Pacing!$B$6:$B$25,0)),""))) | H43: =IF(G43="","",INT((G43-Setup!$B$6)/7)+1) | I43: =IF(AND(B43<>"",G43<>""),IF(G43<=Setup!$B$8,1,0),0) | J43: =IF(OR(B43="",N(E43)=0),"",IFERROR(AVERAGE(Gradebook!AX$10:AX$49)/E43,"")) | K43: =IF(I43<>1,"",IFERROR(COUNT(Gradebook!AX$10:AX$49)/(SUMPRODUCT(--(Gradebook!$B$10:$B$49<>""))-COUNTIF(Gradebook!AX$10:AX$49,"EX")),"")) | L43: =IF(B43="","",IF(I43=1,SUMPRODUCT((Gradebook!$B$10:$B$49<>"")*(Gradebook!AX$10:AX$49="")),0)+COUNTIF(Gradebook!AX$10:AX$49,"M"))
A44: 39 | G44: =IF(B44="","",IF(F44<>"",F44,IFERROR(INDEX(Pacing!$F$6:$F$25,MATCH(C44,Pacing!$B$6:$B$25,0)),""))) | H44: =IF(G44="","",INT((G44-Setup!$B$6)/7)+1) | I44: =IF(AND(B44<>"",G44<>""),IF(G44<=Setup!$B$8,1,0),0) | J44: =IF(OR(B44="",N(E44)=0),"",IFERROR(AVERAGE(Gradebook!AY$10:AY$49)/E44,"")) | K44: =IF(I44<>1,"",IFERROR(COUNT(Gradebook!AY$10:AY$49)/(SUMPRODUCT(--(Gradebook!$B$10:$B$49<>""))-COUNTIF(Gradebook!AY$10:AY$49,"EX")),"")) | L44: =IF(B44="","",IF(I44=1,SUMPRODUCT((Gradebook!$B$10:$B$49<>"")*(Gradebook!AY$10:AY$49="")),0)+COUNTIF(Gradebook!AY$10:AY$49,"M"))
A45: 40 | G45: =IF(B45="","",IF(F45<>"",F45,IFERROR(INDEX(Pacing!$F$6:$F$25,MATCH(C45,Pacing!$B$6:$B$25,0)),""))) | H45: =IF(G45="","",INT((G45-Setup!$B$6)/7)+1) | I45: =IF(AND(B45<>"",G45<>""),IF(G45<=Setup!$B$8,1,0),0) | J45: =IF(OR(B45="",N(E45)=0),"",IFERROR(AVERAGE(Gradebook!AZ$10:AZ$49)/E45,"")) | K45: =IF(I45<>1,"",IFERROR(COUNT(Gradebook!AZ$10:AZ$49)/(SUMPRODUCT(--(Gradebook!$B$10:$B$49<>""))-COUNTIF(Gradebook!AZ$10:AZ$49,"EX")),"")) | L45: =IF(B45="","",IF(I45=1,SUMPRODUCT((Gradebook!$B$10:$B$49<>"")*(Gradebook!AZ$10:AZ$49="")),0)+COUNTIF(Gradebook!AZ$10:AZ$49,"M"))
A46: 41 | G46: =IF(B46="","",IF(F46<>"",F46,IFERROR(INDEX(Pacing!$F$6:$F$25,MATCH(C46,Pacing!$B$6:$B$25,0)),""))) | H46: =IF(G46="","",INT((G46-Setup!$B$6)/7)+1) | I46: =IF(AND(B46<>"",G46<>""),IF(G46<=Setup!$B$8,1,0),0) | J46: =IF(OR(B46="",N(E46)=0),"",IFERROR(AVERAGE(Gradebook!BA$10:BA$49)/E46,"")) | K46: =IF(I46<>1,"",IFERROR(COUNT(Gradebook!BA$10:BA$49)/(SUMPRODUCT(--(Gradebook!$B$10:$B$49<>""))-COUNTIF(Gradebook!BA$10:BA$49,"EX")),"")) | L46: =IF(B46="","",IF(I46=1,SUMPRODUCT((Gradebook!$B$10:$B$49<>"")*(Gradebook!BA$10:BA$49="")),0)+COUNTIF(Gradebook!BA$10:BA$49,"M"))
A47: 42 | G47: =IF(B47="","",IF(F47<>"",F47,IFERROR(INDEX(Pacing!$F$6:$F$25,MATCH(C47,Pacing!$B$6:$B$25,0)),""))) | H47: =IF(G47="","",INT((G47-Setup!$B$6)/7)+1) | I47: =IF(AND(B47<>"",G47<>""),IF(G47<=Setup!$B$8,1,0),0) | J47: =IF(OR(B47="",N(E47)=0),"",IFERROR(AVERAGE(Gradebook!BB$10:BB$49)/E47,"")) | K47: =IF(I47<>1,"",IFERROR(COUNT(Gradebook!BB$10:BB$49)/(SUMPRODUCT(--(Gradebook!$B$10:$B$49<>""))-COUNTIF(Gradebook!BB$10:BB$49,"EX")),"")) | L47: =IF(B47="","",IF(I47=1,SUMPRODUCT((Gradebook!$B$10:$B$49<>"")*(Gradebook!BB$10:BB$49="")),0)+COUNTIF(Gradebook!BB$10:BB$49,"M"))
A48: 43 | G48: =IF(B48="","",IF(F48<>"",F48,IFERROR(INDEX(Pacing!$F$6:$F$25,MATCH(C48,Pacing!$B$6:$B$25,0)),""))) | H48: =IF(G48="","",INT((G48-Setup!$B$6)/7)+1) | I48: =IF(AND(B48<>"",G48<>""),IF(G48<=Setup!$B$8,1,0),0) | J48: =IF(OR(B48="",N(E48)=0),"",IFERROR(AVERAGE(Gradebook!BC$10:BC$49)/E48,"")) | K48: =IF(I48<>1,"",IFERROR(COUNT(Gradebook!BC$10:BC$49)/(SUMPRODUCT(--(Gradebook!$B$10:$B$49<>""))-COUNTIF(Gradebook!BC$10:BC$49,"EX")),"")) | L48: =IF(B48="","",IF(I48=1,SUMPRODUCT((Gradebook!$B$10:$B$49<>"")*(Gradebook!BC$10:BC$49="")),0)+COUNTIF(Gradebook!BC$10:BC$49,"M"))
A49: 44 | G49: =IF(B49="","",IF(F49<>"",F49,IFERROR(INDEX(Pacing!$F$6:$F$25,MATCH(C49,Pacing!$B$6:$B$25,0)),""))) | H49: =IF(G49="","",INT((G49-Setup!$B$6)/7)+1) | I49: =IF(AND(B49<>"",G49<>""),IF(G49<=Setup!$B$8,1,0),0) | J49: =IF(OR(B49="",N(E49)=0),"",IFERROR(AVERAGE(Gradebook!BD$10:BD$49)/E49,"")) | K49: =IF(I49<>1,"",IFERROR(COUNT(Gradebook!BD$10:BD$49)/(SUMPRODUCT(--(Gradebook!$B$10:$B$49<>""))-COUNTIF(Gradebook!BD$10:BD$49,"EX")),"")) | L49: =IF(B49="","",IF(I49=1,SUMPRODUCT((Gradebook!$B$10:$B$49<>"")*(Gradebook!BD$10:BD$49="")),0)+COUNTIF(Gradebook!BD$10:BD$49,"M"))
A50: 45 | G50: =IF(B50="","",IF(F50<>"",F50,IFERROR(INDEX(Pacing!$F$6:$F$25,MATCH(C50,Pacing!$B$6:$B$25,0)),""))) | H50: =IF(G50="","",INT((G50-Setup!$B$6)/7)+1) | I50: =IF(AND(B50<>"",G50<>""),IF(G50<=Setup!$B$8,1,0),0) | J50: =IF(OR(B50="",N(E50)=0),"",IFERROR(AVERAGE(Gradebook!BE$10:BE$49)/E50,"")) | K50: =IF(I50<>1,"",IFERROR(COUNT(Gradebook!BE$10:BE$49)/(SUMPRODUCT(--(Gradebook!$B$10:$B$49<>""))-COUNTIF(Gradebook!BE$10:BE$49,"EX")),"")) | L50: =IF(B50="","",IF(I50=1,SUMPRODUCT((Gradebook!$B$10:$B$49<>"")*(Gradebook!BE$10:BE$49="")),0)+COUNTIF(Gradebook!BE$10:BE$49,"M"))
A51: 46 | G51: =IF(B51="","",IF(F51<>"",F51,IFERROR(INDEX(Pacing!$F$6:$F$25,MATCH(C51,Pacing!$B$6:$B$25,0)),""))) | H51: =IF(G51="","",INT((G51-Setup!$B$6)/7)+1) | I51: =IF(AND(B51<>"",G51<>""),IF(G51<=Setup!$B$8,1,0),0) | J51: =IF(OR(B51="",N(E51)=0),"",IFERROR(AVERAGE(Gradebook!BF$10:BF$49)/E51,"")) | K51: =IF(I51<>1,"",IFERROR(COUNT(Gradebook!BF$10:BF$49)/(SUMPRODUCT(--(Gradebook!$B$10:$B$49<>""))-COUNTIF(Gradebook!BF$10:BF$49,"EX")),"")) | L51: =IF(B51="","",IF(I51=1,SUMPRODUCT((Gradebook!$B$10:$B$49<>"")*(Gradebook!BF$10:BF$49="")),0)+COUNTIF(Gradebook!BF$10:BF$49,"M"))
A52: 47 | G52: =IF(B52="","",IF(F52<>"",F52,IFERROR(INDEX(Pacing!$F$6:$F$25,MATCH(C52,Pacing!$B$6:$B$25,0)),""))) | H52: =IF(G52="","",INT((G52-Setup!$B$6)/7)+1) | I52: =IF(AND(B52<>"",G52<>""),IF(G52<=Setup!$B$8,1,0),0) | J52: =IF(OR(B52="",N(E52)=0),"",IFERROR(AVERAGE(Gradebook!BG$10:BG$49)/E52,"")) | K52: =IF(I52<>1,"",IFERROR(COUNT(Gradebook!BG$10:BG$49)/(SUMPRODUCT(--(Gradebook!$B$10:$B$49<>""))-COUNTIF(Gradebook!BG$10:BG$49,"EX")),"")) | L52: =IF(B52="","",IF(I52=1,SUMPRODUCT((Gradebook!$B$10:$B$49<>"")*(Gradebook!BG$10:BG$49="")),0)+COUNTIF(Gradebook!BG$10:BG$49,"M"))
A53: 48 | G53: =IF(B53="","",IF(F53<>"",F53,IFERROR(INDEX(Pacing!$F$6:$F$25,MATCH(C53,Pacing!$B$6:$B$25,0)),""))) | H53: =IF(G53="","",INT((G53-Setup!$B$6)/7)+1) | I53: =IF(AND(B53<>"",G53<>""),IF(G53<=Setup!$B$8,1,0),0) | J53: =IF(OR(B53="",N(E53)=0),"",IFERROR(AVERAGE(Gradebook!BH$10:BH$49)/E53,"")) | K53: =IF(I53<>1,"",IFERROR(COUNT(Gradebook!BH$10:BH$49)/(SUMPRODUCT(--(Gradebook!$B$10:$B$49<>""))-COUNTIF(Gradebook!BH$10:BH$49,"EX")),"")) | L53: =IF(B53="","",IF(I53=1,SUMPRODUCT((Gradebook!$B$10:$B$49<>"")*(Gradebook!BH$10:BH$49="")),0)+COUNTIF(Gradebook!BH$10:BH$49,"M"))
A54: 49 | G54: =IF(B54="","",IF(F54<>"",F54,IFERROR(INDEX(Pacing!$F$6:$F$25,MATCH(C54,Pacing!$B$6:$B$25,0)),""))) | H54: =IF(G54="","",INT((G54-Setup!$B$6)/7)+1) | I54: =IF(AND(B54<>"",G54<>""),IF(G54<=Setup!$B$8,1,0),0) | J54: =IF(OR(B54="",N(E54)=0),"",IFERROR(AVERAGE(Gradebook!BI$10:BI$49)/E54,"")) | K54: =IF(I54<>1,"",IFERROR(COUNT(Gradebook!BI$10:BI$49)/(SUMPRODUCT(--(Gradebook!$B$10:$B$49<>""))-COUNTIF(Gradebook!BI$10:BI$49,"EX")),"")) | L54: =IF(B54="","",IF(I54=1,SUMPRODUCT((Gradebook!$B$10:$B$49<>"")*(Gradebook!BI$10:BI$49="")),0)+COUNTIF(Gradebook!BI$10:BI$49,"M"))
A55: 50 | G55: =IF(B55="","",IF(F55<>"",F55,IFERROR(INDEX(Pacing!$F$6:$F$25,MATCH(C55,Pacing!$B$6:$B$25,0)),""))) | H55: =IF(G55="","",INT((G55-Setup!$B$6)/7)+1) | I55: =IF(AND(B55<>"",G55<>""),IF(G55<=Setup!$B$8,1,0),0) | J55: =IF(OR(B55="",N(E55)=0),"",IFERROR(AVERAGE(Gradebook!BJ$10:BJ$49)/E55,"")) | K55: =IF(I55<>1,"",IFERROR(COUNT(Gradebook!BJ$10:BJ$49)/(SUMPRODUCT(--(Gradebook!$B$10:$B$49<>""))-COUNTIF(Gradebook!BJ$10:BJ$49,"EX")),"")) | L55: =IF(B55="","",IF(I55=1,SUMPRODUCT((Gradebook!$B$10:$B$49<>"")*(Gradebook!BJ$10:BJ$49="")),0)+COUNTIF(Gradebook!BJ$10:BJ$49,"M"))
A56: 51 | G56: =IF(B56="","",IF(F56<>"",F56,IFERROR(INDEX(Pacing!$F$6:$F$25,MATCH(C56,Pacing!$B$6:$B$25,0)),""))) | H56: =IF(G56="","",INT((G56-Setup!$B$6)/7)+1) | I56: =IF(AND(B56<>"",G56<>""),IF(G56<=Setup!$B$8,1,0),0) | J56: =IF(OR(B56="",N(E56)=0),"",IFERROR(AVERAGE(Gradebook!BK$10:BK$49)/E56,"")) | K56: =IF(I56<>1,"",IFERROR(COUNT(Gradebook!BK$10:BK$49)/(SUMPRODUCT(--(Gradebook!$B$10:$B$49<>""))-COUNTIF(Gradebook!BK$10:BK$49,"EX")),"")) | L56: =IF(B56="","",IF(I56=1,SUMPRODUCT((Gradebook!$B$10:$B$49<>"")*(Gradebook!BK$10:BK$49="")),0)+COUNTIF(Gradebook!BK$10:BK$49,"M"))
A57: 52 | G57: =IF(B57="","",IF(F57<>"",F57,IFERROR(INDEX(Pacing!$F$6:$F$25,MATCH(C57,Pacing!$B$6:$B$25,0)),""))) | H57: =IF(G57="","",INT((G57-Setup!$B$6)/7)+1) | I57: =IF(AND(B57<>"",G57<>""),IF(G57<=Setup!$B$8,1,0),0) | J57: =IF(OR(B57="",N(E57)=0),"",IFERROR(AVERAGE(Gradebook!BL$10:BL$49)/E57,"")) | K57: =IF(I57<>1,"",IFERROR(COUNT(Gradebook!BL$10:BL$49)/(SUMPRODUCT(--(Gradebook!$B$10:$B$49<>""))-COUNTIF(Gradebook!BL$10:BL$49,"EX")),"")) | L57: =IF(B57="","",IF(I57=1,SUMPRODUCT((Gradebook!$B$10:$B$49<>"")*(Gradebook!BL$10:BL$49="")),0)+COUNTIF(Gradebook!BL$10:BL$49,"M"))
A58: 53 | G58: =IF(B58="","",IF(F58<>"",F58,IFERROR(INDEX(Pacing!$F$6:$F$25,MATCH(C58,Pacing!$B$6:$B$25,0)),""))) | H58: =IF(G58="","",INT((G58-Setup!$B$6)/7)+1) | I58: =IF(AND(B58<>"",G58<>""),IF(G58<=Setup!$B$8,1,0),0) | J58: =IF(OR(B58="",N(E58)=0),"",IFERROR(AVERAGE(Gradebook!BM$10:BM$49)/E58,"")) | K58: =IF(I58<>1,"",IFERROR(COUNT(Gradebook!BM$10:BM$49)/(SUMPRODUCT(--(Gradebook!$B$10:$B$49<>""))-COUNTIF(Gradebook!BM$10:BM$49,"EX")),"")) | L58: =IF(B58="","",IF(I58=1,SUMPRODUCT((Gradebook!$B$10:$B$49<>"")*(Gradebook!BM$10:BM$49="")),0)+COUNTIF(Gradebook!BM$10:BM$49,"M"))
A59: 54 | G59: =IF(B59="","",IF(F59<>"",F59,IFERROR(INDEX(Pacing!$F$6:$F$25,MATCH(C59,Pacing!$B$6:$B$25,0)),""))) | H59: =IF(G59="","",INT((G59-Setup!$B$6)/7)+1) | I59: =IF(AND(B59<>"",G59<>""),IF(G59<=Setup!$B$8,1,0),0) | J59: =IF(OR(B59="",N(E59)=0),"",IFERROR(AVERAGE(Gradebook!BN$10:BN$49)/E59,"")) | K59: =IF(I59<>1,"",IFERROR(COUNT(Gradebook!BN$10:BN$49)/(SUMPRODUCT(--(Gradebook!$B$10:$B$49<>""))-COUNTIF(Gradebook!BN$10:BN$49,"EX")),"")) | L59: =IF(B59="","",IF(I59=1,SUMPRODUCT((Gradebook!$B$10:$B$49<>"")*(Gradebook!BN$10:BN$49="")),0)+COUNTIF(Gradebook!BN$10:BN$49,"M"))
A60: 55 | G60: =IF(B60="","",IF(F60<>"",F60,IFERROR(INDEX(Pacing!$F$6:$F$25,MATCH(C60,Pacing!$B$6:$B$25,0)),""))) | H60: =IF(G60="","",INT((G60-Setup!$B$6)/7)+1) | I60: =IF(AND(B60<>"",G60<>""),IF(G60<=Setup!$B$8,1,0),0) | J60: =IF(OR(B60="",N(E60)=0),"",IFERROR(AVERAGE(Gradebook!BO$10:BO$49)/E60,"")) | K60: =IF(I60<>1,"",IFERROR(COUNT(Gradebook!BO$10:BO$49)/(SUMPRODUCT(--(Gradebook!$B$10:$B$49<>""))-COUNTIF(Gradebook!BO$10:BO$49,"EX")),"")) | L60: =IF(B60="","",IF(I60=1,SUMPRODUCT((Gradebook!$B$10:$B$49<>"")*(Gradebook!BO$10:BO$49="")),0)+COUNTIF(Gradebook!BO$10:BO$49,"M"))
A61: 56 | G61: =IF(B61="","",IF(F61<>"",F61,IFERROR(INDEX(Pacing!$F$6:$F$25,MATCH(C61,Pacing!$B$6:$B$25,0)),""))) | H61: =IF(G61="","",INT((G61-Setup!$B$6)/7)+1) | I61: =IF(AND(B61<>"",G61<>""),IF(G61<=Setup!$B$8,1,0),0) | J61: =IF(OR(B61="",N(E61)=0),"",IFERROR(AVERAGE(Gradebook!BP$10:BP$49)/E61,"")) | K61: =IF(I61<>1,"",IFERROR(COUNT(Gradebook!BP$10:BP$49)/(SUMPRODUCT(--(Gradebook!$B$10:$B$49<>""))-COUNTIF(Gradebook!BP$10:BP$49,"EX")),"")) | L61: =IF(B61="","",IF(I61=1,SUMPRODUCT((Gradebook!$B$10:$B$49<>"")*(Gradebook!BP$10:BP$49="")),0)+COUNTIF(Gradebook!BP$10:BP$49,"M"))
A62: 57 | G62: =IF(B62="","",IF(F62<>"",F62,IFERROR(INDEX(Pacing!$F$6:$F$25,MATCH(C62,Pacing!$B$6:$B$25,0)),""))) | H62: =IF(G62="","",INT((G62-Setup!$B$6)/7)+1) | I62: =IF(AND(B62<>"",G62<>""),IF(G62<=Setup!$B$8,1,0),0) | J62: =IF(OR(B62="",N(E62)=0),"",IFERROR(AVERAGE(Gradebook!BQ$10:BQ$49)/E62,"")) | K62: =IF(I62<>1,"",IFERROR(COUNT(Gradebook!BQ$10:BQ$49)/(SUMPRODUCT(--(Gradebook!$B$10:$B$49<>""))-COUNTIF(Gradebook!BQ$10:BQ$49,"EX")),"")) | L62: =IF(B62="","",IF(I62=1,SUMPRODUCT((Gradebook!$B$10:$B$49<>"")*(Gradebook!BQ$10:BQ$49="")),0)+COUNTIF(Gradebook!BQ$10:BQ$49,"M"))
A63: 58 | G63: =IF(B63="","",IF(F63<>"",F63,IFERROR(INDEX(Pacing!$F$6:$F$25,MATCH(C63,Pacing!$B$6:$B$25,0)),""))) | H63: =IF(G63="","",INT((G63-Setup!$B$6)/7)+1) | I63: =IF(AND(B63<>"",G63<>""),IF(G63<=Setup!$B$8,1,0),0) | J63: =IF(OR(B63="",N(E63)=0),"",IFERROR(AVERAGE(Gradebook!BR$10:BR$49)/E63,"")) | K63: =IF(I63<>1,"",IFERROR(COUNT(Gradebook!BR$10:BR$49)/(SUMPRODUCT(--(Gradebook!$B$10:$B$49<>""))-COUNTIF(Gradebook!BR$10:BR$49,"EX")),"")) | L63: =IF(B63="","",IF(I63=1,SUMPRODUCT((Gradebook!$B$10:$B$49<>"")*(Gradebook!BR$10:BR$49="")),0)+COUNTIF(Gradebook!BR$10:BR$49,"M"))
A64: 59 | G64: =IF(B64="","",IF(F64<>"",F64,IFERROR(INDEX(Pacing!$F$6:$F$25,MATCH(C64,Pacing!$B$6:$B$25,0)),""))) | H64: =IF(G64="","",INT((G64-Setup!$B$6)/7)+1) | I64: =IF(AND(B64<>"",G64<>""),IF(G64<=Setup!$B$8,1,0),0) | J64: =IF(OR(B64="",N(E64)=0),"",IFERROR(AVERAGE(Gradebook!BS$10:BS$49)/E64,"")) | K64: =IF(I64<>1,"",IFERROR(COUNT(Gradebook!BS$10:BS$49)/(SUMPRODUCT(--(Gradebook!$B$10:$B$49<>""))-COUNTIF(Gradebook!BS$10:BS$49,"EX")),"")) | L64: =IF(B64="","",IF(I64=1,SUMPRODUCT((Gradebook!$B$10:$B$49<>"")*(Gradebook!BS$10:BS$49="")),0)+COUNTIF(Gradebook!BS$10:BS$49,"M"))
A65: 60 | G65: =IF(B65="","",IF(F65<>"",F65,IFERROR(INDEX(Pacing!$F$6:$F$25,MATCH(C65,Pacing!$B$6:$B$25,0)),""))) | H65: =IF(G65="","",INT((G65-Setup!$B$6)/7)+1) | I65: =IF(AND(B65<>"",G65<>""),IF(G65<=Setup!$B$8,1,0),0) | J65: =IF(OR(B65="",N(E65)=0),"",IFERROR(AVERAGE(Gradebook!BT$10:BT$49)/E65,"")) | K65: =IF(I65<>1,"",IFERROR(COUNT(Gradebook!BT$10:BT$49)/(SUMPRODUCT(--(Gradebook!$B$10:$B$49<>""))-COUNTIF(Gradebook!BT$10:BT$49,"EX")),"")) | L65: =IF(B65="","",IF(I65=1,SUMPRODUCT((Gradebook!$B$10:$B$49<>"")*(Gradebook!BT$10:BT$49="")),0)+COUNTIF(Gradebook!BT$10:BT$49,"M"))

Sheet Gradebook
A1: ="Gradebook | "&Setup!B4
A2: Enter scores in the white grid. M = missing (0). EX = excused. Blank + past due = missing.
B3: At-risk lines: | C3: =Setup!B27 | E3: =Setup!B28 | G3: Weight | H3: =Setup!B12 | I3: =Setup!B13 | J3: =Setup!B14 | K3: =Setup!B15 | L3: =Setup!B16
M4: 1 | N4: 2 | O4: 3 | P4: 4 | Q4: 5 | R4: 6 | S4: 7 | T4: 8 | U4: 9 | V4: 10 | W4: 11 | X4: 12 | Y4: 13 | Z4: 14 | AA4: 15 | AB4: 16 | AC4: 17 | AD4: 18 | AE4: 19 | AF4: 20 | AG4: 21 | AH4: 22 | AI4: 23 | AJ4: 24 | AK4: 25 | AL4: 26 | AM4: 27 | AN4: 28 | AO4: 29 | AP4: 30 | AQ4: 31 | AR4: 32 | AS4: 33 | AT4: 34 | AU4: 35 | AV4: 36 | AW4: 37 | AX4: 38 | AY4: 39 | AZ4: 40 | BA4: 41 | BB4: 42 | BC4: 43 | BD4: 44 | BE4: 45 | BF4: 46 | BG4: 47 | BH4: 48 | BI4: 49 | BJ4: 50 | BK4: 51 | BL4: 52 | BM4: 53 | BN4: 54 | BO4: 55 | BP4: 56 | BQ4: 57 | BR4: 58 | BS4: 59 | BT4: 60
L5: Assignment > | M5: =IF(INDEX(Assignments!$B$6:$B$65,M$4)="","",INDEX(Assignments!$B$6:$B$65,M$4)) | N5: =IF(INDEX(Assignments!$B$6:$B$65,N$4)="","",INDEX(Assignments!$B$6:$B$65,N$4)) | O5: =IF(INDEX(Assignments!$B$6:$B$65,O$4)="","",INDEX(Assignments!$B$6:$B$65,O$4)) | P5: =IF(INDEX(Assignments!$B$6:$B$65,P$4)="","",INDEX(Assignments!$B$6:$B$65,P$4)) | Q5: =IF(INDEX(Assignments!$B$6:$B$65,Q$4)="","",INDEX(Assignments!$B$6:$B$65,Q$4)) | R5: =IF(INDEX(Assignments!$B$6:$B$65,R$4)="","",INDEX(Assignments!$B$6:$B$65,R$4)) | S5: =IF(INDEX(Assignments!$B$6:$B$65,S$4)="","",INDEX(Assignments!$B$6:$B$65,S$4)) | T5: =IF(INDEX(Assignments!$B$6:$B$65,T$4)="","",INDEX(Assignments!$B$6:$B$65,T$4)) | ... BT5: =IF(INDEX(Assignments!$B$6:$B$65,BT$4)="","",INDEX(Assignments!$B$6:$B$65,BT$4))
L6: Category > | M6: =IF(M$5="","",INDEX(Assignments!$D$6:$D$65,M$4)) | N6: =IF(N$5="","",INDEX(Assignments!$D$6:$D$65,N$4)) | O6: =IF(O$5="","",INDEX(Assignments!$D$6:$D$65,O$4)) | P6: =IF(P$5="","",INDEX(Assignments!$D$6:$D$65,P$4)) | Q6: =IF(Q$5="","",INDEX(Assignments!$D$6:$D$65,Q$4)) | R6: =IF(R$5="","",INDEX(Assignments!$D$6:$D$65,R$4)) | S6: =IF(S$5="","",INDEX(Assignments!$D$6:$D$65,S$4)) | T6: =IF(T$5="","",INDEX(Assignments!$D$6:$D$65,T$4)) | ... BT6: =IF(BT$5="","",INDEX(Assignments!$D$6:$D$65,BT$4))
L7: Points > | M7: =IF(M$5="",0,N(INDEX(Assignments!$E$6:$E$65,M$4))) | N7: =IF(N$5="",0,N(INDEX(Assignments!$E$6:$E$65,N$4))) | O7: =IF(O$5="",0,N(INDEX(Assignments!$E$6:$E$65,O$4))) | P7: =IF(P$5="",0,N(INDEX(Assignments!$E$6:$E$65,P$4))) | Q7: =IF(Q$5="",0,N(INDEX(Assignments!$E$6:$E$65,Q$4))) | R7: =IF(R$5="",0,N(INDEX(Assignments!$E$6:$E$65,R$4))) | S7: =IF(S$5="",0,N(INDEX(Assignments!$E$6:$E$65,S$4))) | T7: =IF(T$5="",0,N(INDEX(Assignments!$E$6:$E$65,T$4))) | ... BT7: =IF(BT$5="",0,N(INDEX(Assignments!$E$6:$E$65,BT$4)))
L8: Due > | M8: =INDEX(Assignments!$I$6:$I$65,M$4) | N8: =INDEX(Assignments!$I$6:$I$65,N$4) | O8: =INDEX(Assignments!$I$6:$I$65,O$4) | P8: =INDEX(Assignments!$I$6:$I$65,P$4) | Q8: =INDEX(Assignments!$I$6:$I$65,Q$4) | R8: =INDEX(Assignments!$I$6:$I$65,R$4) | S8: =INDEX(Assignments!$I$6:$I$65,S$4) | T8: =INDEX(Assignments!$I$6:$I$65,T$4) | ... BT8: =INDEX(Assignments!$I$6:$I$65,BT$4)
A9: # | B9: Student | C9: Overall | D9: Grade | E9: Turned in | F9: Missing | G9: Score % (turned in) | H9: =Setup!A12 | I9: =Setup!A13 | J9: =Setup!A14 | K9: =Setup!A15 | L9: =Setup!A16 | M9: Score | N9: Score | O9: Score | P9: Score | Q9: Score | R9: Score | S9: Score | T9: Score | U9: Score | V9: Score | W9: Score | X9: Score | Y9: Score | Z9: Score | AA9: Score | AB9: Score | AC9: Score | AD9: Score | AE9: Score | AF9: Score | AG9: Score | AH9: Score | AI9: Score | AJ9: Score | AK9: Score | AL9: Score | AM9: Score | AN9: Score | AO9: Score | AP9: Score | AQ9: Score | AR9: Score | AS9: Score | AT9: Score | AU9: Score | AV9: Score | AW9: Score | AX9: Score | AY9: Score | AZ9: Score | BA9: Score | BB9: Score | BC9: Score | BD9: Score | BE9: Score | BF9: Score | BG9: Score | BH9: Score | BI9: Score | BJ9: Score | BK9: Score | BL9: Score | BM9: Score | BN9: Score | BO9: Score | BP9: Score | BQ9: Score | BR9: Score | BS9: Score | BT9: Score
A10: 1 | B10: =IF(Roster!B6="","",Roster!B6) | C10: =IF($B10="","",IFERROR(SUMPRODUCT($H$3:$L$3,H10:L10)/SUMPRODUCT($H$3:$L$3,--ISNUMBER(H10:L10)),"")) | D10: =IF(C10="","",VLOOKUP(C10,Setup!$D$12:$E$23,2,TRUE)) | E10: =IF($B10="","",IFERROR(SUMPRODUCT($M$8:$BT$8*ISNUMBER($M10:$BT10))/SUMPRODUCT($M$8:$BT$8*($M10:$BT10<>"EX")),"")) | F10: =IF($B10="","",SUMPRODUCT($M$8:$BT$8*($M10:$BT10=""))+COUNTIF($M10:$BT10,"M")) | G10: =IF($B10="","",IFERROR(SUM($M10:$BT10)/SUMPRODUCT($M$7:$BT$7*ISNUMBER($M10:$BT10)),"")) | H10: =IF($B10="","",IFERROR(SUMIFS($M10:$BT10,$M$6:$BT$6,H$9)/SUMPRODUCT(($M$6:$BT$6=H$9)*$M$7:$BT$7*(ISNUMBER($M10:$BT10)+($M10:$BT10="M")+(Setup!$B$9="Yes")*$M$8:$BT$8*($M10:$BT10=""))),"")) | I10: =IF($B10="","",IFERROR(SUMIFS($M10:$BT10,$M$6:$BT$6,I$9)/SUMPRODUCT(($M$6:$BT$6=I$9)*$M$7:$BT$7*(ISNUMBER($M10:$BT10)+($M10:$BT10="M")+(Setup!$B$9="Yes")*$M$8:$BT$8*($M10:$BT10=""))),"")) | J10: =IF($B10="","",IFERROR(SUMIFS($M10:$BT10,$M$6:$BT$6,J$9)/SUMPRODUCT(($M$6:$BT$6=J$9)*$M$7:$BT$7*(ISNUMBER($M10:$BT10)+($M10:$BT10="M")+(Setup!$B$9="Yes")*$M$8:$BT$8*($M10:$BT10=""))),"")) | K10: =IF($B10="","",IFERROR(SUMIFS($M10:$BT10,$M$6:$BT$6,K$9)/SUMPRODUCT(($M$6:$BT$6=K$9)*$M$7:$BT$7*(ISNUMBER($M10:$BT10)+($M10:$BT10="M")+(Setup!$B$9="Yes")*$M$8:$BT$8*($M10:$BT10=""))),"")) | L10: =IF($B10="","",IFERROR(SUMIFS($M10:$BT10,$M$6:$BT$6,L$9)/SUMPRODUCT(($M$6:$BT$6=L$9)*$M$7:$BT$7*(ISNUMBER($M10:$BT10)+($M10:$BT10="M")+(Setup!$B$9="Yes")*$M$8:$BT$8*($M10:$BT10=""))),"")) | M10: 8.5 | N10: 7.7 | O10: 23 | P10: EX | Q10: 81 | R10: 8.4 | S10: 7.8 | T10: M | U10: 7 | V10: 75 | W10: 8.3 | X10: 8.4 | Y10: 18
A11: 2 | B11: =IF(Roster!B7="","",Roster!B7) | C11: =IF($B11="","",IFERROR(SUMPRODUCT($H$3:$L$3,H11:L11)/SUMPRODUCT($H$3:$L$3,--ISNUMBER(H11:L11)),"")) | D11: =IF(C11="","",VLOOKUP(C11,Setup!$D$12:$E$23,2,TRUE)) | E11: =IF($B11="","",IFERROR(SUMPRODUCT($M$8:$BT$8*ISNUMBER($M11:$BT11))/SUMPRODUCT($M$8:$BT$8*($M11:$BT11<>"EX")),"")) | F11: =IF($B11="","",SUMPRODUCT($M$8:$BT$8*($M11:$BT11=""))+COUNTIF($M11:$BT11,"M")) | G11: =IF($B11="","",IFERROR(SUM($M11:$BT11)/SUMPRODUCT($M$7:$BT$7*ISNUMBER($M11:$BT11)),"")) | H11: =IF($B11="","",IFERROR(SUMIFS($M11:$BT11,$M$6:$BT$6,H$9)/SUMPRODUCT(($M$6:$BT$6=H$9)*$M$7:$BT$7*(ISNUMBER($M11:$BT11)+($M11:$BT11="M")+(Setup!$B$9="Yes")*$M$8:$BT$8*($M11:$BT11=""))),"")) | I11: =IF($B11="","",IFERROR(SUMIFS($M11:$BT11,$M$6:$BT$6,I$9)/SUMPRODUCT(($M$6:$BT$6=I$9)*$M$7:$BT$7*(ISNUMBER($M11:$BT11)+($M11:$BT11="M")+(Setup!$B$9="Yes")*$M$8:$BT$8*($M11:$BT11=""))),"")) | J11: =IF($B11="","",IFERROR(SUMIFS($M11:$BT11,$M$6:$BT$6,J$9)/SUMPRODUCT(($M$6:$BT$6=J$9)*$M$7:$BT$7*(ISNUMBER($M11:$BT11)+($M11:$BT11="M")+(Setup!$B$9="Yes")*$M$8:$BT$8*($M11:$BT11=""))),"")) | K11: =IF($B11="","",IFERROR(SUMIFS($M11:$BT11,$M$6:$BT$6,K$9)/SUMPRODUCT(($M$6:$BT$6=K$9)*$M$7:$BT$7*(ISNUMBER($M11:$BT11)+($M11:$BT11="M")+(Setup!$B$9="Yes")*$M$8:$BT$8*($M11:$BT11=""))),"")) | L11: =IF($B11="","",IFERROR(SUMIFS($M11:$BT11,$M$6:$BT$6,L$9)/SUMPRODUCT(($M$6:$BT$6=L$9)*$M$7:$BT$7*(ISNUMBER($M11:$BT11)+($M11:$BT11="M")+(Setup!$B$9="Yes")*$M$8:$BT$8*($M11:$BT11=""))),"")) | M11: 6.9 | N11: 8.2 | O11: 19 | P11: 7 | Q11: 81 | R11: 8.7 | S11: 8 | T11: 18 | U11: 8.1 | V11: EX | W11: 7 | Y11: 18
A12: 3 | B12: =IF(Roster!B8="","",Roster!B8) | C12: =IF($B12="","",IFERROR(SUMPRODUCT($H$3:$L$3,H12:L12)/SUMPRODUCT($H$3:$L$3,--ISNUMBER(H12:L12)),"")) | D12: =IF(C12="","",VLOOKUP(C12,Setup!$D$12:$E$23,2,TRUE)) | E12: =IF($B12="","",IFERROR(SUMPRODUCT($M$8:$BT$8*ISNUMBER($M12:$BT12))/SUMPRODUCT($M$8:$BT$8*($M12:$BT12<>"EX")),"")) | F12: =IF($B12="","",SUMPRODUCT($M$8:$BT$8*($M12:$BT12=""))+COUNTIF($M12:$BT12,"M")) | G12: =IF($B12="","",IFERROR(SUM($M12:$BT12)/SUMPRODUCT($M$7:$BT$7*ISNUMBER($M12:$BT12)),"")) | H12: =IF($B12="","",IFERROR(SUMIFS($M12:$BT12,$M$6:$BT$6,H$9)/SUMPRODUCT(($M$6:$BT$6=H$9)*$M$7:$BT$7*(ISNUMBER($M12:$BT12)+($M12:$BT12="M")+(Setup!$B$9="Yes")*$M$8:$BT$8*($M12:$BT12=""))),"")) | I12: =IF($B12="","",IFERROR(SUMIFS($M12:$BT12,$M$6:$BT$6,I$9)/SUMPRODUCT(($M$6:$BT$6=I$9)*$M$7:$BT$7*(ISNUMBER($M12:$BT12)+($M12:$BT12="M")+(Setup!$B$9="Yes")*$M$8:$BT$8*($M12:$BT12=""))),"")) | J12: =IF($B12="","",IFERROR(SUMIFS($M12:$BT12,$M$6:$BT$6,J$9)/SUMPRODUCT(($M$6:$BT$6=J$9)*$M$7:$BT$7*(ISNUMBER($M12:$BT12)+($M12:$BT12="M")+(Setup!$B$9="Yes")*$M$8:$BT$8*($M12:$BT12=""))),"")) | K12: =IF($B12="","",IFERROR(SUMIFS($M12:$BT12,$M$6:$BT$6,K$9)/SUMPRODUCT(($M$6:$BT$6=K$9)*$M$7:$BT$7*(ISNUMBER($M12:$BT12)+($M12:$BT12="M")+(Setup!$B$9="Yes")*$M$8:$BT$8*($M12:$BT12=""))),"")) | L12: =IF($B12="","",IFERROR(SUMIFS($M12:$BT12,$M$6:$BT$6,L$9)/SUMPRODUCT(($M$6:$BT$6=L$9)*$M$7:$BT$7*(ISNUMBER($M12:$BT12)+($M12:$BT12="M")+(Setup!$B$9="Yes")*$M$8:$BT$8*($M12:$BT12=""))),"")) | M12: M | N12: 8.1 | O12: 19 | P12: 7.6 | Q12: 71 | R12: 7.4 | S12: 7 | T12: 16 | U12: 7.3 | V12: 78 | W12: 7.3 | X12: 7.8 | Y12: EX
A13: 4 | B13: =IF(Roster!B9="","",Roster!B9) | C13: =IF($B13="","",IFERROR(SUMPRODUCT($H$3:$L$3,H13:L13)/SUMPRODUCT($H$3:$L$3,--ISNUMBER(H13:L13)),"")) | D13: =IF(C13="","",VLOOKUP(C13,Setup!$D$12:$E$23,2,TRUE)) | E13: =IF($B13="","",IFERROR(SUMPRODUCT($M$8:$BT$8*ISNUMBER($M13:$BT13))/SUMPRODUCT($M$8:$BT$8*($M13:$BT13<>"EX")),"")) | F13: =IF($B13="","",SUMPRODUCT($M$8:$BT$8*($M13:$BT13=""))+COUNTIF($M13:$BT13,"M")) | G13: =IF($B13="","",IFERROR(SUM($M13:$BT13)/SUMPRODUCT($M$7:$BT$7*ISNUMBER($M13:$BT13)),"")) | H13: =IF($B13="","",IFERROR(SUMIFS($M13:$BT13,$M$6:$BT$6,H$9)/SUMPRODUCT(($M$6:$BT$6=H$9)*$M$7:$BT$7*(ISNUMBER($M13:$BT13)+($M13:$BT13="M")+(Setup!$B$9="Yes")*$M$8:$BT$8*($M13:$BT13=""))),"")) | I13: =IF($B13="","",IFERROR(SUMIFS($M13:$BT13,$M$6:$BT$6,I$9)/SUMPRODUCT(($M$6:$BT$6=I$9)*$M$7:$BT$7*(ISNUMBER($M13:$BT13)+($M13:$BT13="M")+(Setup!$B$9="Yes")*$M$8:$BT$8*($M13:$BT13=""))),"")) | J13: =IF($B13="","",IFERROR(SUMIFS($M13:$BT13,$M$6:$BT$6,J$9)/SUMPRODUCT(($M$6:$BT$6=J$9)*$M$7:$BT$7*(ISNUMBER($M13:$BT13)+($M13:$BT13="M")+(Setup!$B$9="Yes")*$M$8:$BT$8*($M13:$BT13=""))),"")) | K13: =IF($B13="","",IFERROR(SUMIFS($M13:$BT13,$M$6:$BT$6,K$9)/SUMPRODUCT(($M$6:$BT$6=K$9)*$M$7:$BT$7*(ISNUMBER($M13:$BT13)+($M13:$BT13="M")+(Setup!$B$9="Yes")*$M$8:$BT$8*($M13:$BT13=""))),"")) | L13: =IF($B13="","",IFERROR(SUMIFS($M13:$BT13,$M$6:$BT$6,L$9)/SUMPRODUCT(($M$6:$BT$6=L$9)*$M$7:$BT$7*(ISNUMBER($M13:$BT13)+($M13:$BT13="M")+(Setup!$B$9="Yes")*$M$8:$BT$8*($M13:$BT13=""))),"")) | M13: 8.5 | N13: 7 | O13: 19 | P13: 7.8 | Q13: EX | R13: 7.9 | S13: 7.9 | T13: M | U13: 8.8 | V13: 77 | W13: 7.8 | X13: 7.6 | Y13: 22
A14: 5 | B14: =IF(Roster!B10="","",Roster!B10) | C14: =IF($B14="","",IFERROR(SUMPRODUCT($H$3:$L$3,H14:L14)/SUMPRODUCT($H$3:$L$3,--ISNUMBER(H14:L14)),"")) | D14: =IF(C14="","",VLOOKUP(C14,Setup!$D$12:$E$23,2,TRUE)) | E14: =IF($B14="","",IFERROR(SUMPRODUCT($M$8:$BT$8*ISNUMBER($M14:$BT14))/SUMPRODUCT($M$8:$BT$8*($M14:$BT14<>"EX")),"")) | F14: =IF($B14="","",SUMPRODUCT($M$8:$BT$8*($M14:$BT14=""))+COUNTIF($M14:$BT14,"M")) | G14: =IF($B14="","",IFERROR(SUM($M14:$BT14)/SUMPRODUCT($M$7:$BT$7*ISNUMBER($M14:$BT14)),"")) | H14: =IF($B14="","",IFERROR(SUMIFS($M14:$BT14,$M$6:$BT$6,H$9)/SUMPRODUCT(($M$6:$BT$6=H$9)*$M$7:$BT$7*(ISNUMBER($M14:$BT14)+($M14:$BT14="M")+(Setup!$B$9="Yes")*$M$8:$BT$8*($M14:$BT14=""))),"")) | I14: =IF($B14="","",IFERROR(SUMIFS($M14:$BT14,$M$6:$BT$6,I$9)/SUMPRODUCT(($M$6:$BT$6=I$9)*$M$7:$BT$7*(ISNUMBER($M14:$BT14)+($M14:$BT14="M")+(Setup!$B$9="Yes")*$M$8:$BT$8*($M14:$BT14=""))),"")) | J14: =IF($B14="","",IFERROR(SUMIFS($M14:$BT14,$M$6:$BT$6,J$9)/SUMPRODUCT(($M$6:$BT$6=J$9)*$M$7:$BT$7*(ISNUMBER($M14:$BT14)+($M14:$BT14="M")+(Setup!$B$9="Yes")*$M$8:$BT$8*($M14:$BT14=""))),"")) | K14: =IF($B14="","",IFERROR(SUMIFS($M14:$BT14,$M$6:$BT$6,K$9)/SUMPRODUCT(($M$6:$BT$6=K$9)*$M$7:$BT$7*(ISNUMBER($M14:$BT14)+($M14:$BT14="M")+(Setup!$B$9="Yes")*$M$8:$BT$8*($M14:$BT14=""))),"")) | L14: =IF($B14="","",IFERROR(SUMIFS($M14:$BT14,$M$6:$BT$6,L$9)/SUMPRODUCT(($M$6:$BT$6=L$9)*$M$7:$BT$7*(ISNUMBER($M14:$BT14)+($M14:$BT14="M")+(Setup!$B$9="Yes")*$M$8:$BT$8*($M14:$BT14=""))),"")) | M14: 9.6 | N14: 9.9 | O14: 21 | P14: 10 | Q14: 97 | R14: 9.1 | S14: 9.6 | T14: 24 | U14: 9.2 | V14: 100 | W14: 9 | X14: 9.3 | Y14: 25
A15: 6 | B15: =IF(Roster!B11="","",Roster!B11) | C15: =IF($B15="","",IFERROR(SUMPRODUCT($H$3:$L$3,H15:L15)/SUMPRODUCT($H$3:$L$3,--ISNUMBER(H15:L15)),"")) | D15: =IF(C15="","",VLOOKUP(C15,Setup!$D$12:$E$23,2,TRUE)) | E15: =IF($B15="","",IFERROR(SUMPRODUCT($M$8:$BT$8*ISNUMBER($M15:$BT15))/SUMPRODUCT($M$8:$BT$8*($M15:$BT15<>"EX")),"")) | F15: =IF($B15="","",SUMPRODUCT($M$8:$BT$8*($M15:$BT15=""))+COUNTIF($M15:$BT15,"M")) | G15: =IF($B15="","",IFERROR(SUM($M15:$BT15)/SUMPRODUCT($M$7:$BT$7*ISNUMBER($M15:$BT15)),"")) | H15: =IF($B15="","",IFERROR(SUMIFS($M15:$BT15,$M$6:$BT$6,H$9)/SUMPRODUCT(($M$6:$BT$6=H$9)*$M$7:$BT$7*(ISNUMBER($M15:$BT15)+($M15:$BT15="M")+(Setup!$B$9="Yes")*$M$8:$BT$8*($M15:$BT15=""))),"")) | I15: =IF($B15="","",IFERROR(SUMIFS($M15:$BT15,$M$6:$BT$6,I$9)/SUMPRODUCT(($M$6:$BT$6=I$9)*$M$7:$BT$7*(ISNUMBER($M15:$BT15)+($M15:$BT15="M")+(Setup!$B$9="Yes")*$M$8:$BT$8*($M15:$BT15=""))),"")) | J15: =IF($B15="","",IFERROR(SUMIFS($M15:$BT15,$M$6:$BT$6,J$9)/SUMPRODUCT(($M$6:$BT$6=J$9)*$M$7:$BT$7*(ISNUMBER($M15:$BT15)+($M15:$BT15="M")+(Setup!$B$9="Yes")*$M$8:$BT$8*($M15:$BT15=""))),"")) | K15: =IF($B15="","",IFERROR(SUMIFS($M15:$BT15,$M$6:$BT$6,K$9)/SUMPRODUCT(($M$6:$BT$6=K$9)*$M$7:$BT$7*(ISNUMBER($M15:$BT15)+($M15:$BT15="M")+(Setup!$B$9="Yes")*$M$8:$BT$8*($M15:$BT15=""))),"")) | L15: =IF($B15="","",IFERROR(SUMIFS($M15:$BT15,$M$6:$BT$6,L$9)/SUMPRODUCT(($M$6:$BT$6=L$9)*$M$7:$BT$7*(ISNUMBER($M15:$BT15)+($M15:$BT15="M")+(Setup!$B$9="Yes")*$M$8:$BT$8*($M15:$BT15=""))),"")) | M15: 8.4 | N15: 9.2 | O15: 22 | P15: 8.8 | Q15: 84 | R15: 9.3 | S15: 9.4 | T15: 18 | U15: 9 | V15: 99 | W15: 8.5 | X15: EX | Y15: 22
A16: 7 | B16: =IF(Roster!B12="","",Roster!B12) | C16: =IF($B16="","",IFERROR(SUMPRODUCT($H$3:$L$3,H16:L16)/SUMPRODUCT($H$3:$L$3,--ISNUMBER(H16:L16)),"")) | D16: =IF(C16="","",VLOOKUP(C16,Setup!$D$12:$E$23,2,TRUE)) | E16: =IF($B16="","",IFERROR(SUMPRODUCT($M$8:$BT$8*ISNUMBER($M16:$BT16))/SUMPRODUCT($M$8:$BT$8*($M16:$BT16<>"EX")),"")) | F16: =IF($B16="","",SUMPRODUCT($M$8:$BT$8*($M16:$BT16=""))+COUNTIF($M16:$BT16,"M")) | G16: =IF($B16="","",IFERROR(SUM($M16:$BT16)/SUMPRODUCT($M$7:$BT$7*ISNUMBER($M16:$BT16)),"")) | H16: =IF($B16="","",IFERROR(SUMIFS($M16:$BT16,$M$6:$BT$6,H$9)/SUMPRODUCT(($M$6:$BT$6=H$9)*$M$7:$BT$7*(ISNUMBER($M16:$BT16)+($M16:$BT16="M")+(Setup!$B$9="Yes")*$M$8:$BT$8*($M16:$BT16=""))),"")) | I16: =IF($B16="","",IFERROR(SUMIFS($M16:$BT16,$M$6:$BT$6,I$9)/SUMPRODUCT(($M$6:$BT$6=I$9)*$M$7:$BT$7*(ISNUMBER($M16:$BT16)+($M16:$BT16="M")+(Setup!$B$9="Yes")*$M$8:$BT$8*($M16:$BT16=""))),"")) | J16: =IF($B16="","",IFERROR(SUMIFS($M16:$BT16,$M$6:$BT$6,J$9)/SUMPRODUCT(($M$6:$BT$6=J$9)*$M$7:$BT$7*(ISNUMBER($M16:$BT16)+($M16:$BT16="M")+(Setup!$B$9="Yes")*$M$8:$BT$8*($M16:$BT16=""))),"")) | K16: =IF($B16="","",IFERROR(SUMIFS($M16:$BT16,$M$6:$BT$6,K$9)/SUMPRODUCT(($M$6:$BT$6=K$9)*$M$7:$BT$7*(ISNUMBER($M16:$BT16)+($M16:$BT16="M")+(Setup!$B$9="Yes")*$M$8:$BT$8*($M16:$BT16=""))),"")) | L16: =IF($B16="","",IFERROR(SUMIFS($M16:$BT16,$M$6:$BT$6,L$9)/SUMPRODUCT(($M$6:$BT$6=L$9)*$M$7:$BT$7*(ISNUMBER($M16:$BT16)+($M16:$BT16="M")+(Setup!$B$9="Yes")*$M$8:$BT$8*($M16:$BT16=""))),"")) | M16: 9.7 | N16: 7.2 | O16: 20 | P16: 6.7 | Q16: 72 | R16: 7.7 | S16: 8.4 | T16: 22 | U16: 7 | V16: 89 | W16: 8 | X16: 8 | Y16: 17
A17: 8 | B17: =IF(Roster!B13="","",Roster!B13) | C17: =IF($B17="","",IFERROR(SUMPRODUCT($H$3:$L$3,H17:L17)/SUMPRODUCT($H$3:$L$3,--ISNUMBER(H17:L17)),"")) | D17: =IF(C17="","",VLOOKUP(C17,Setup!$D$12:$E$23,2,TRUE)) | E17: =IF($B17="","",IFERROR(SUMPRODUCT($M$8:$BT$8*ISNUMBER($M17:$BT17))/SUMPRODUCT($M$8:$BT$8*($M17:$BT17<>"EX")),"")) | F17: =IF($B17="","",SUMPRODUCT($M$8:$BT$8*($M17:$BT17=""))+COUNTIF($M17:$BT17,"M")) | G17: =IF($B17="","",IFERROR(SUM($M17:$BT17)/SUMPRODUCT($M$7:$BT$7*ISNUMBER($M17:$BT17)),"")) | H17: =IF($B17="","",IFERROR(SUMIFS($M17:$BT17,$M$6:$BT$6,H$9)/SUMPRODUCT(($M$6:$BT$6=H$9)*$M$7:$BT$7*(ISNUMBER($M17:$BT17)+($M17:$BT17="M")+(Setup!$B$9="Yes")*$M$8:$BT$8*($M17:$BT17=""))),"")) | I17: =IF($B17="","",IFERROR(SUMIFS($M17:$BT17,$M$6:$BT$6,I$9)/SUMPRODUCT(($M$6:$BT$6=I$9)*$M$7:$BT$7*(ISNUMBER($M17:$BT17)+($M17:$BT17="M")+(Setup!$B$9="Yes")*$M$8:$BT$8*($M17:$BT17=""))),"")) | J17: =IF($B17="","",IFERROR(SUMIFS($M17:$BT17,$M$6:$BT$6,J$9)/SUMPRODUCT(($M$6:$BT$6=J$9)*$M$7:$BT$7*(ISNUMBER($M17:$BT17)+($M17:$BT17="M")+(Setup!$B$9="Yes")*$M$8:$BT$8*($M17:$BT17=""))),"")) | K17: =IF($B17="","",IFERROR(SUMIFS($M17:$BT17,$M$6:$BT$6,K$9)/SUMPRODUCT(($M$6:$BT$6=K$9)*$M$7:$BT$7*(ISNUMBER($M17:$BT17)+($M17:$BT17="M")+(Setup!$B$9="Yes")*$M$8:$BT$8*($M17:$BT17=""))),"")) | L17: =IF($B17="","",IFERROR(SUMIFS($M17:$BT17,$M$6:$BT$6,L$9)/SUMPRODUCT(($M$6:$BT$6=L$9)*$M$7:$BT$7*(ISNUMBER($M17:$BT17)+($M17:$BT17="M")+(Setup!$B$9="Yes")*$M$8:$BT$8*($M17:$BT17=""))),"")) | M17: 7.9 | N17: 8.1 | O17: 18 | P17: 7.8 | Q17: 80 | R17: 7.1 | S17: 8.3 | T17: 17 | U17: M | V17: 83 | W17: 9 | X17: EX | Y17: 15
A18: 9 | B18: =IF(Roster!B14="","",Roster!B14) | C18: =IF($B18="","",IFERROR(SUMPRODUCT($H$3:$L$3,H18:L18)/SUMPRODUCT($H$3:$L$3,--ISNUMBER(H18:L18)),"")) | D18: =IF(C18="","",VLOOKUP(C18,Setup!$D$12:$E$23,2,TRUE)) | E18: =IF($B18="","",IFERROR(SUMPRODUCT($M$8:$BT$8*ISNUMBER($M18:$BT18))/SUMPRODUCT($M$8:$BT$8*($M18:$BT18<>"EX")),"")) | F18: =IF($B18="","",SUMPRODUCT($M$8:$BT$8*($M18:$BT18=""))+COUNTIF($M18:$BT18,"M")) | G18: =IF($B18="","",IFERROR(SUM($M18:$BT18)/SUMPRODUCT($M$7:$BT$7*ISNUMBER($M18:$BT18)),"")) | H18: =IF($B18="","",IFERROR(SUMIFS($M18:$BT18,$M$6:$BT$6,H$9)/SUMPRODUCT(($M$6:$BT$6=H$9)*$M$7:$BT$7*(ISNUMBER($M18:$BT18)+($M18:$BT18="M")+(Setup!$B$9="Yes")*$M$8:$BT$8*($M18:$BT18=""))),"")) | I18: =IF($B18="","",IFERROR(SUMIFS($M18:$BT18,$M$6:$BT$6,I$9)/SUMPRODUCT(($M$6:$BT$6=I$9)*$M$7:$BT$7*(ISNUMBER($M18:$BT18)+($M18:$BT18="M")+(Setup!$B$9="Yes")*$M$8:$BT$8*($M18:$BT18=""))),"")) | J18: =IF($B18="","",IFERROR(SUMIFS($M18:$BT18,$M$6:$BT$6,J$9)/SUMPRODUCT(($M$6:$BT$6=J$9)*$M$7:$BT$7*(ISNUMBER($M18:$BT18)+($M18:$BT18="M")+(Setup!$B$9="Yes")*$M$8:$BT$8*($M18:$BT18=""))),"")) | K18: =IF($B18="","",IFERROR(SUMIFS($M18:$BT18,$M$6:$BT$6,K$9)/SUMPRODUCT(($M$6:$BT$6=K$9)*$M$7:$BT$7*(ISNUMBER($M18:$BT18)+($M18:$BT18="M")+(Setup!$B$9="Yes")*$M$8:$BT$8*($M18:$BT18=""))),"")) | L18: =IF($B18="","",IFERROR(SUMIFS($M18:$BT18,$M$6:$BT$6,L$9)/SUMPRODUCT(($M$6:$BT$6=L$9)*$M$7:$BT$7*(ISNUMBER($M18:$BT18)+($M18:$BT18="M")+(Setup!$B$9="Yes")*$M$8:$BT$8*($M18:$BT18=""))),"")) | M18: 8.3 | N18: 7.7 | O18: 18 | P18: 7.3 | Q18: 84 | R18: 8.9 | S18: 6.8 | T18: 18 | U18: 8.8 | V18: M | W18: 8.4 | X18: 8.6 | Y18: 22
A19: 10 | B19: =IF(Roster!B15="","",Roster!B15) | C19: =IF($B19="","",IFERROR(SUMPRODUCT($H$3:$L$3,H19:L19)/SUMPRODUCT($H$3:$L$3,--ISNUMBER(H19:L19)),"")) | D19: =IF(C19="","",VLOOKUP(C19,Setup!$D$12:$E$23,2,TRUE)) | E19: =IF($B19="","",IFERROR(SUMPRODUCT($M$8:$BT$8*ISNUMBER($M19:$BT19))/SUMPRODUCT($M$8:$BT$8*($M19:$BT19<>"EX")),"")) | F19: =IF($B19="","",SUMPRODUCT($M$8:$BT$8*($M19:$BT19=""))+COUNTIF($M19:$BT19,"M")) | G19: =IF($B19="","",IFERROR(SUM($M19:$BT19)/SUMPRODUCT($M$7:$BT$7*ISNUMBER($M19:$BT19)),"")) | H19: =IF($B19="","",IFERROR(SUMIFS($M19:$BT19,$M$6:$BT$6,H$9)/SUMPRODUCT(($M$6:$BT$6=H$9)*$M$7:$BT$7*(ISNUMBER($M19:$BT19)+($M19:$BT19="M")+(Setup!$B$9="Yes")*$M$8:$BT$8*($M19:$BT19=""))),"")) | I19: =IF($B19="","",IFERROR(SUMIFS($M19:$BT19,$M$6:$BT$6,I$9)/SUMPRODUCT(($M$6:$BT$6=I$9)*$M$7:$BT$7*(ISNUMBER($M19:$BT19)+($M19:$BT19="M")+(Setup!$B$9="Yes")*$M$8:$BT$8*($M19:$BT19=""))),"")) | J19: =IF($B19="","",IFERROR(SUMIFS($M19:$BT19,$M$6:$BT$6,J$9)/SUMPRODUCT(($M$6:$BT$6=J$9)*$M$7:$BT$7*(ISNUMBER($M19:$BT19)+($M19:$BT19="M")+(Setup!$B$9="Yes")*$M$8:$BT$8*($M19:$BT19=""))),"")) | K19: =IF($B19="","",IFERROR(SUMIFS($M19:$BT19,$M$6:$BT$6,K$9)/SUMPRODUCT(($M$6:$BT$6=K$9)*$M$7:$BT$7*(ISNUMBER($M19:$BT19)+($M19:$BT19="M")+(Setup!$B$9="Yes")*$M$8:$BT$8*($M19:$BT19=""))),"")) | L19: =IF($B19="","",IFERROR(SUMIFS($M19:$BT19,$M$6:$BT$6,L$9)/SUMPRODUCT(($M$6:$BT$6=L$9)*$M$7:$BT$7*(ISNUMBER($M19:$BT19)+($M19:$BT19="M")+(Setup!$B$9="Yes")*$M$8:$BT$8*($M19:$BT19=""))),"")) | M19: 6.8 | N19: 8.1 | O19: 17 | P19: 7.3 | Q19: 78 | R19: EX | S19: 6.7 | T19: 21 | U19: 7.8 | V19: 70 | W19: 8 | X19: 7.9 | Y19: 18
A20: 11 | B20: =IF(Roster!B16="","",Roster!B16) | C20: =IF($B20="","",IFERROR(SUMPRODUCT($H$3:$L$3,H20:L20)/SUMPRODUCT($H$3:$L$3,--ISNUMBER(H20:L20)),"")) | D20: =IF(C20="","",VLOOKUP(C20,Setup!$D$12:$E$23,2,TRUE)) | E20: =IF($B20="","",IFERROR(SUMPRODUCT($M$8:$BT$8*ISNUMBER($M20:$BT20))/SUMPRODUCT($M$8:$BT$8*($M20:$BT20<>"EX")),"")) | F20: =IF($B20="","",SUMPRODUCT($M$8:$BT$8*($M20:$BT20=""))+COUNTIF($M20:$BT20,"M")) | G20: =IF($B20="","",IFERROR(SUM($M20:$BT20)/SUMPRODUCT($M$7:$BT$7*ISNUMBER($M20:$BT20)),"")) | H20: =IF($B20="","",IFERROR(SUMIFS($M20:$BT20,$M$6:$BT$6,H$9)/SUMPRODUCT(($M$6:$BT$6=H$9)*$M$7:$BT$7*(ISNUMBER($M20:$BT20)+($M20:$BT20="M")+(Setup!$B$9="Yes")*$M$8:$BT$8*($M20:$BT20=""))),"")) | I20: =IF($B20="","",IFERROR(SUMIFS($M20:$BT20,$M$6:$BT$6,I$9)/SUMPRODUCT(($M$6:$BT$6=I$9)*$M$7:$BT$7*(ISNUMBER($M20:$BT20)+($M20:$BT20="M")+(Setup!$B$9="Yes")*$M$8:$BT$8*($M20:$BT20=""))),"")) | J20: =IF($B20="","",IFERROR(SUMIFS($M20:$BT20,$M$6:$BT$6,J$9)/SUMPRODUCT(($M$6:$BT$6=J$9)*$M$7:$BT$7*(ISNUMBER($M20:$BT20)+($M20:$BT20="M")+(Setup!$B$9="Yes")*$M$8:$BT$8*($M20:$BT20=""))),"")) | K20: =IF($B20="","",IFERROR(SUMIFS($M20:$BT20,$M$6:$BT$6,K$9)/SUMPRODUCT(($M$6:$BT$6=K$9)*$M$7:$BT$7*(ISNUMBER($M20:$BT20)+($M20:$BT20="M")+(Setup!$B$9="Yes")*$M$8:$BT$8*($M20:$BT20=""))),"")) | L20: =IF($B20="","",IFERROR(SUMIFS($M20:$BT20,$M$6:$BT$6,L$9)/SUMPRODUCT(($M$6:$BT$6=L$9)*$M$7:$BT$7*(ISNUMBER($M20:$BT20)+($M20:$BT20="M")+(Setup!$B$9="Yes")*$M$8:$BT$8*($M20:$BT20=""))),"")) | M20: 10 | N20: 9.6 | O20: 25 | P20: 10 | Q20: 97 | R20: 9.9 | S20: 9.9 | T20: 24 | U20: 9.5 | V20: 100 | W20: 9.5 | X20: 10 | Y20: 21
A21: 12 | B21: =IF(Roster!B17="","",Roster!B17) | C21: =IF($B21="","",IFERROR(SUMPRODUCT($H$3:$L$3,H21:L21)/SUMPRODUCT($H$3:$L$3,--ISNUMBER(H21:L21)),"")) | D21: =IF(C21="","",VLOOKUP(C21,Setup!$D$12:$E$23,2,TRUE)) | E21: =IF($B21="","",IFERROR(SUMPRODUCT($M$8:$BT$8*ISNUMBER($M21:$BT21))/SUMPRODUCT($M$8:$BT$8*($M21:$BT21<>"EX")),"")) | F21: =IF($B21="","",SUMPRODUCT($M$8:$BT$8*($M21:$BT21=""))+COUNTIF($M21:$BT21,"M")) | G21: =IF($B21="","",IFERROR(SUM($M21:$BT21)/SUMPRODUCT($M$7:$BT$7*ISNUMBER($M21:$BT21)),"")) | H21: =IF($B21="","",IFERROR(SUMIFS($M21:$BT21,$M$6:$BT$6,H$9)/SUMPRODUCT(($M$6:$BT$6=H$9)*$M$7:$BT$7*(ISNUMBER($M21:$BT21)+($M21:$BT21="M")+(Setup!$B$9="Yes")*$M$8:$BT$8*($M21:$BT21=""))),"")) | I21: =IF($B21="","",IFERROR(SUMIFS($M21:$BT21,$M$6:$BT$6,I$9)/SUMPRODUCT(($M$6:$BT$6=I$9)*$M$7:$BT$7*(ISNUMBER($M21:$BT21)+($M21:$BT21="M")+(Setup!$B$9="Yes")*$M$8:$BT$8*($M21:$BT21=""))),"")) | J21: =IF($B21="","",IFERROR(SUMIFS($M21:$BT21,$M$6:$BT$6,J$9)/SUMPRODUCT(($M$6:$BT$6=J$9)*$M$7:$BT$7*(ISNUMBER($M21:$BT21)+($M21:$BT21="M")+(Setup!$B$9="Yes")*$M$8:$BT$8*($M21:$BT21=""))),"")) | K21: =IF($B21="","",IFERROR(SUMIFS($M21:$BT21,$M$6:$BT$6,K$9)/SUMPRODUCT(($M$6:$BT$6=K$9)*$M$7:$BT$7*(ISNUMBER($M21:$BT21)+($M21:$BT21="M")+(Setup!$B$9="Yes")*$M$8:$BT$8*($M21:$BT21=""))),"")) | L21: =IF($B21="","",IFERROR(SUMIFS($M21:$BT21,$M$6:$BT$6,L$9)/SUMPRODUCT(($M$6:$BT$6=L$9)*$M$7:$BT$7*(ISNUMBER($M21:$BT21)+($M21:$BT21="M")+(Setup!$B$9="Yes")*$M$8:$BT$8*($M21:$BT21=""))),"")) | M21: 6.8 | N21: 9.2 | O21: 21 | P21: 8.1 | Q21: 78 | R21: 8.8 | S21: 8.1 | T21: 20 | U21: 7.9 | V21: EX | W21: 8 | X21: 8.1 | Y21: 21
A22: 13 | B22: =IF(Roster!B18="","",Roster!B18) | C22: =IF($B22="","",IFERROR(SUMPRODUCT($H$3:$L$3,H22:L22)/SUMPRODUCT($H$3:$L$3,--ISNUMBER(H22:L22)),"")) | D22: =IF(C22="","",VLOOKUP(C22,Setup!$D$12:$E$23,2,TRUE)) | E22: =IF($B22="","",IFERROR(SUMPRODUCT($M$8:$BT$8*ISNUMBER($M22:$BT22))/SUMPRODUCT($M$8:$BT$8*($M22:$BT22<>"EX")),"")) | F22: =IF($B22="","",SUMPRODUCT($M$8:$BT$8*($M22:$BT22=""))+COUNTIF($M22:$BT22,"M")) | G22: =IF($B22="","",IFERROR(SUM($M22:$BT22)/SUMPRODUCT($M$7:$BT$7*ISNUMBER($M22:$BT22)),"")) | H22: =IF($B22="","",IFERROR(SUMIFS($M22:$BT22,$M$6:$BT$6,H$9)/SUMPRODUCT(($M$6:$BT$6=H$9)*$M$7:$BT$7*(ISNUMBER($M22:$BT22)+($M22:$BT22="M")+(Setup!$B$9="Yes")*$M$8:$BT$8*($M22:$BT22=""))),"")) | I22: =IF($B22="","",IFERROR(SUMIFS($M22:$BT22,$M$6:$BT$6,I$9)/SUMPRODUCT(($M$6:$BT$6=I$9)*$M$7:$BT$7*(ISNUMBER($M22:$BT22)+($M22:$BT22="M")+(Setup!$B$9="Yes")*$M$8:$BT$8*($M22:$BT22=""))),"")) | J22: =IF($B22="","",IFERROR(SUMIFS($M22:$BT22,$M$6:$BT$6,J$9)/SUMPRODUCT(($M$6:$BT$6=J$9)*$M$7:$BT$7*(ISNUMBER($M22:$BT22)+($M22:$BT22="M")+(Setup!$B$9="Yes")*$M$8:$BT$8*($M22:$BT22=""))),"")) | K22: =IF($B22="","",IFERROR(SUMIFS($M22:$BT22,$M$6:$BT$6,K$9)/SUMPRODUCT(($M$6:$BT$6=K$9)*$M$7:$BT$7*(ISNUMBER($M22:$BT22)+($M22:$BT22="M")+(Setup!$B$9="Yes")*$M$8:$BT$8*($M22:$BT22=""))),"")) | L22: =IF($B22="","",IFERROR(SUMIFS($M22:$BT22,$M$6:$BT$6,L$9)/SUMPRODUCT(($M$6:$BT$6=L$9)*$M$7:$BT$7*(ISNUMBER($M22:$BT22)+($M22:$BT22="M")+(Setup!$B$9="Yes")*$M$8:$BT$8*($M22:$BT22=""))),"")) | M22: 8.4 | N22: 8.5 | O22: 25 | P22: 9.5 | Q22: 95 | R22: 8.9 | S22: 8.5 | T22: EX | U22: 8.3 | V22: 97 | W22: 10 | X22: 9.4 | Y22: 25
A23: 14 | B23: =IF(Roster!B19="","",Roster!B19) | C23: =IF($B23="","",IFERROR(SUMPRODUCT($H$3:$L$3,H23:L23)/SUMPRODUCT($H$3:$L$3,--ISNUMBER(H23:L23)),"")) | D23: =IF(C23="","",VLOOKUP(C23,Setup!$D$12:$E$23,2,TRUE)) | E23: =IF($B23="","",IFERROR(SUMPRODUCT($M$8:$BT$8*ISNUMBER($M23:$BT23))/SUMPRODUCT($M$8:$BT$8*($M23:$BT23<>"EX")),"")) | F23: =IF($B23="","",SUMPRODUCT($M$8:$BT$8*($M23:$BT23=""))+COUNTIF($M23:$BT23,"M")) | G23: =IF($B23="","",IFERROR(SUM($M23:$BT23)/SUMPRODUCT($M$7:$BT$7*ISNUMBER($M23:$BT23)),"")) | H23: =IF($B23="","",IFERROR(SUMIFS($M23:$BT23,$M$6:$BT$6,H$9)/SUMPRODUCT(($M$6:$BT$6=H$9)*$M$7:$BT$7*(ISNUMBER($M23:$BT23)+($M23:$BT23="M")+(Setup!$B$9="Yes")*$M$8:$BT$8*($M23:$BT23=""))),"")) | I23: =IF($B23="","",IFERROR(SUMIFS($M23:$BT23,$M$6:$BT$6,I$9)/SUMPRODUCT(($M$6:$BT$6=I$9)*$M$7:$BT$7*(ISNUMBER($M23:$BT23)+($M23:$BT23="M")+(Setup!$B$9="Yes")*$M$8:$BT$8*($M23:$BT23=""))),"")) | J23: =IF($B23="","",IFERROR(SUMIFS($M23:$BT23,$M$6:$BT$6,J$9)/SUMPRODUCT(($M$6:$BT$6=J$9)*$M$7:$BT$7*(ISNUMBER($M23:$BT23)+($M23:$BT23="M")+(Setup!$B$9="Yes")*$M$8:$BT$8*($M23:$BT23=""))),"")) | K23: =IF($B23="","",IFERROR(SUMIFS($M23:$BT23,$M$6:$BT$6,K$9)/SUMPRODUCT(($M$6:$BT$6=K$9)*$M$7:$BT$7*(ISNUMBER($M23:$BT23)+($M23:$BT23="M")+(Setup!$B$9="Yes")*$M$8:$BT$8*($M23:$BT23=""))),"")) | L23: =IF($B23="","",IFERROR(SUMIFS($M23:$BT23,$M$6:$BT$6,L$9)/SUMPRODUCT(($M$6:$BT$6=L$9)*$M$7:$BT$7*(ISNUMBER($M23:$BT23)+($M23:$BT23="M")+(Setup!$B$9="Yes")*$M$8:$BT$8*($M23:$BT23=""))),"")) | M23: 9.6 | N23: M | O23: M | P23: M | Q23: 93 | R23: 9.8 | S23: M | T23: 22 | U23: 9.1 | V23: 87 | W23: 10 | X23: 9.7 | Y23: 22
A24: 15 | B24: =IF(Roster!B20="","",Roster!B20) | C24: =IF($B24="","",IFERROR(SUMPRODUCT($H$3:$L$3,H24:L24)/SUMPRODUCT($H$3:$L$3,--ISNUMBER(H24:L24)),"")) | D24: =IF(C24="","",VLOOKUP(C24,Setup!$D$12:$E$23,2,TRUE)) | E24: =IF($B24="","",IFERROR(SUMPRODUCT($M$8:$BT$8*ISNUMBER($M24:$BT24))/SUMPRODUCT($M$8:$BT$8*($M24:$BT24<>"EX")),"")) | F24: =IF($B24="","",SUMPRODUCT($M$8:$BT$8*($M24:$BT24=""))+COUNTIF($M24:$BT24,"M")) | G24: =IF($B24="","",IFERROR(SUM($M24:$BT24)/SUMPRODUCT($M$7:$BT$7*ISNUMBER($M24:$BT24)),"")) | H24: =IF($B24="","",IFERROR(SUMIFS($M24:$BT24,$M$6:$BT$6,H$9)/SUMPRODUCT(($M$6:$BT$6=H$9)*$M$7:$BT$7*(ISNUMBER($M24:$BT24)+($M24:$BT24="M")+(Setup!$B$9="Yes")*$M$8:$BT$8*($M24:$BT24=""))),"")) | I24: =IF($B24="","",IFERROR(SUMIFS($M24:$BT24,$M$6:$BT$6,I$9)/SUMPRODUCT(($M$6:$BT$6=I$9)*$M$7:$BT$7*(ISNUMBER($M24:$BT24)+($M24:$BT24="M")+(Setup!$B$9="Yes")*$M$8:$BT$8*($M24:$BT24=""))),"")) | J24: =IF($B24="","",IFERROR(SUMIFS($M24:$BT24,$M$6:$BT$6,J$9)/SUMPRODUCT(($M$6:$BT$6=J$9)*$M$7:$BT$7*(ISNUMBER($M24:$BT24)+($M24:$BT24="M")+(Setup!$B$9="Yes")*$M$8:$BT$8*($M24:$BT24=""))),"")) | K24: =IF($B24="","",IFERROR(SUMIFS($M24:$BT24,$M$6:$BT$6,K$9)/SUMPRODUCT(($M$6:$BT$6=K$9)*$M$7:$BT$7*(ISNUMBER($M24:$BT24)+($M24:$BT24="M")+(Setup!$B$9="Yes")*$M$8:$BT$8*($M24:$BT24=""))),"")) | L24: =IF($B24="","",IFERROR(SUMIFS($M24:$BT24,$M$6:$BT$6,L$9)/SUMPRODUCT(($M$6:$BT$6=L$9)*$M$7:$BT$7*(ISNUMBER($M24:$BT24)+($M24:$BT24="M")+(Setup!$B$9="Yes")*$M$8:$BT$8*($M24:$BT24=""))),"")) | M24: 8.3 | N24: 9.3 | O24: 21 | P24: 9.6 | Q24: M | R24: 9.1 | S24: 9.1 | U24: 8.1 | V24: 88 | W24: 9.5 | X24: 7.8 | Y24: 23
A25: 16 | B25: =IF(Roster!B21="","",Roster!B21) | C25: =IF($B25="","",IFERROR(SUMPRODUCT($H$3:$L$3,H25:L25)/SUMPRODUCT($H$3:$L$3,--ISNUMBER(H25:L25)),"")) | D25: =IF(C25="","",VLOOKUP(C25,Setup!$D$12:$E$23,2,TRUE)) | E25: =IF($B25="","",IFERROR(SUMPRODUCT($M$8:$BT$8*ISNUMBER($M25:$BT25))/SUMPRODUCT($M$8:$BT$8*($M25:$BT25<>"EX")),"")) | F25: =IF($B25="","",SUMPRODUCT($M$8:$BT$8*($M25:$BT25=""))+COUNTIF($M25:$BT25,"M")) | G25: =IF($B25="","",IFERROR(SUM($M25:$BT25)/SUMPRODUCT($M$7:$BT$7*ISNUMBER($M25:$BT25)),"")) | H25: =IF($B25="","",IFERROR(SUMIFS($M25:$BT25,$M$6:$BT$6,H$9)/SUMPRODUCT(($M$6:$BT$6=H$9)*$M$7:$BT$7*(ISNUMBER($M25:$BT25)+($M25:$BT25="M")+(Setup!$B$9="Yes")*$M$8:$BT$8*($M25:$BT25=""))),"")) | I25: =IF($B25="","",IFERROR(SUMIFS($M25:$BT25,$M$6:$BT$6,I$9)/SUMPRODUCT(($M$6:$BT$6=I$9)*$M$7:$BT$7*(ISNUMBER($M25:$BT25)+($M25:$BT25="M")+(Setup!$B$9="Yes")*$M$8:$BT$8*($M25:$BT25=""))),"")) | J25: =IF($B25="","",IFERROR(SUMIFS($M25:$BT25,$M$6:$BT$6,J$9)/SUMPRODUCT(($M$6:$BT$6=J$9)*$M$7:$BT$7*(ISNUMBER($M25:$BT25)+($M25:$BT25="M")+(Setup!$B$9="Yes")*$M$8:$BT$8*($M25:$BT25=""))),"")) | K25: =IF($B25="","",IFERROR(SUMIFS($M25:$BT25,$M$6:$BT$6,K$9)/SUMPRODUCT(($M$6:$BT$6=K$9)*$M$7:$BT$7*(ISNUMBER($M25:$BT25)+($M25:$BT25="M")+(Setup!$B$9="Yes")*$M$8:$BT$8*($M25:$BT25=""))),"")) | L25: =IF($B25="","",IFERROR(SUMIFS($M25:$BT25,$M$6:$BT$6,L$9)/SUMPRODUCT(($M$6:$BT$6=L$9)*$M$7:$BT$7*(ISNUMBER($M25:$BT25)+($M25:$BT25="M")+(Setup!$B$9="Yes")*$M$8:$BT$8*($M25:$BT25=""))),"")) | M25: 9.5 | N25: 8.2 | O25: 18 | P25: 8.9 | Q25: 81 | R25: 8.8 | T25: 21 | U25: 7.9 | X25: M | Y25: 23
A26: 17 | B26: =IF(Roster!B22="","",Roster!B22) | C26: =IF($B26="","",IFERROR(SUMPRODUCT($H$3:$L$3,H26:L26)/SUMPRODUCT($H$3:$L$3,--ISNUMBER(H26:L26)),"")) | D26: =IF(C26="","",VLOOKUP(C26,Setup!$D$12:$E$23,2,TRUE)) | E26: =IF($B26="","",IFERROR(SUMPRODUCT($M$8:$BT$8*ISNUMBER($M26:$BT26))/SUMPRODUCT($M$8:$BT$8*($M26:$BT26<>"EX")),"")) | F26: =IF($B26="","",SUMPRODUCT($M$8:$BT$8*($M26:$BT26=""))+COUNTIF($M26:$BT26,"M")) | G26: =IF($B26="","",IFERROR(SUM($M26:$BT26)/SUMPRODUCT($M$7:$BT$7*ISNUMBER($M26:$BT26)),"")) | H26: =IF($B26="","",IFERROR(SUMIFS($M26:$BT26,$M$6:$BT$6,H$9)/SUMPRODUCT(($M$6:$BT$6=H$9)*$M$7:$BT$7*(ISNUMBER($M26:$BT26)+($M26:$BT26="M")+(Setup!$B$9="Yes")*$M$8:$BT$8*($M26:$BT26=""))),"")) | I26: =IF($B26="","",IFERROR(SUMIFS($M26:$BT26,$M$6:$BT$6,I$9)/SUMPRODUCT(($M$6:$BT$6=I$9)*$M$7:$BT$7*(ISNUMBER($M26:$BT26)+($M26:$BT26="M")+(Setup!$B$9="Yes")*$M$8:$BT$8*($M26:$BT26=""))),"")) | J26: =IF($B26="","",IFERROR(SUMIFS($M26:$BT26,$M$6:$BT$6,J$9)/SUMPRODUCT(($M$6:$BT$6=J$9)*$M$7:$BT$7*(ISNUMBER($M26:$BT26)+($M26:$BT26="M")+(Setup!$B$9="Yes")*$M$8:$BT$8*($M26:$BT26=""))),"")) | K26: =IF($B26="","",IFERROR(SUMIFS($M26:$BT26,$M$6:$BT$6,K$9)/SUMPRODUCT(($M$6:$BT$6=K$9)*$M$7:$BT$7*(ISNUMBER($M26:$BT26)+($M26:$BT26="M")+(Setup!$B$9="Yes")*$M$8:$BT$8*($M26:$BT26=""))),"")) | L26: =IF($B26="","",IFERROR(SUMIFS($M26:$BT26,$M$6:$BT$6,L$9)/SUMPRODUCT(($M$6:$BT$6=L$9)*$M$7:$BT$7*(ISNUMBER($M26:$BT26)+($M26:$BT26="M")+(Setup!$B$9="Yes")*$M$8:$BT$8*($M26:$BT26=""))),"")) | M26: 8.6 | N26: 9.4 | O26: 23 | P26: 8.7 | Q26: 100 | R26: 9.7 | S26: 9.1 | T26: 21 | U26: 9.3 | V26: 82 | W26: 9.3 | X26: 9.9 | Y26: 22
A27: 18 | B27: =IF(Roster!B23="","",Roster!B23) | C27: =IF($B27="","",IFERROR(SUMPRODUCT($H$3:$L$3,H27:L27)/SUMPRODUCT($H$3:$L$3,--ISNUMBER(H27:L27)),"")) | D27: =IF(C27="","",VLOOKUP(C27,Setup!$D$12:$E$23,2,TRUE)) | E27: =IF($B27="","",IFERROR(SUMPRODUCT($M$8:$BT$8*ISNUMBER($M27:$BT27))/SUMPRODUCT($M$8:$BT$8*($M27:$BT27<>"EX")),"")) | F27: =IF($B27="","",SUMPRODUCT($M$8:$BT$8*($M27:$BT27=""))+COUNTIF($M27:$BT27,"M")) | G27: =IF($B27="","",IFERROR(SUM($M27:$BT27)/SUMPRODUCT($M$7:$BT$7*ISNUMBER($M27:$BT27)),"")) | H27: =IF($B27="","",IFERROR(SUMIFS($M27:$BT27,$M$6:$BT$6,H$9)/SUMPRODUCT(($M$6:$BT$6=H$9)*$M$7:$BT$7*(ISNUMBER($M27:$BT27)+($M27:$BT27="M")+(Setup!$B$9="Yes")*$M$8:$BT$8*($M27:$BT27=""))),"")) | I27: =IF($B27="","",IFERROR(SUMIFS($M27:$BT27,$M$6:$BT$6,I$9)/SUMPRODUCT(($M$6:$BT$6=I$9)*$M$7:$BT$7*(ISNUMBER($M27:$BT27)+($M27:$BT27="M")+(Setup!$B$9="Yes")*$M$8:$BT$8*($M27:$BT27=""))),"")) | J27: =IF($B27="","",IFERROR(SUMIFS($M27:$BT27,$M$6:$BT$6,J$9)/SUMPRODUCT(($M$6:$BT$6=J$9)*$M$7:$BT$7*(ISNUMBER($M27:$BT27)+($M27:$BT27="M")+(Setup!$B$9="Yes")*$M$8:$BT$8*($M27:$BT27=""))),"")) | K27: =IF($B27="","",IFERROR(SUMIFS($M27:$BT27,$M$6:$BT$6,K$9)/SUMPRODUCT(($M$6:$BT$6=K$9)*$M$7:$BT$7*(ISNUMBER($M27:$BT27)+($M27:$BT27="M")+(Setup!$B$9="Yes")*$M$8:$BT$8*($M27:$BT27=""))),"")) | L27: =IF($B27="","",IFERROR(SUMIFS($M27:$BT27,$M$6:$BT$6,L$9)/SUMPRODUCT(($M$6:$BT$6=L$9)*$M$7:$BT$7*(ISNUMBER($M27:$BT27)+($M27:$BT27="M")+(Setup!$B$9="Yes")*$M$8:$BT$8*($M27:$BT27=""))),"")) | M27: 8.1 | N27: 8.5 | O27: 17 | P27: M | Q27: 87 | R27: 8.2 | T27: M | U27: 8.5 | V27: 85 | W27: 8.6 | X27: 7.6 | Y27: 23
A28: 19 | B28: =IF(Roster!B24="","",Roster!B24) | C28: =IF($B28="","",IFERROR(SUMPRODUCT($H$3:$L$3,H28:L28)/SUMPRODUCT($H$3:$L$3,--ISNUMBER(H28:L28)),"")) | D28: =IF(C28="","",VLOOKUP(C28,Setup!$D$12:$E$23,2,TRUE)) | E28: =IF($B28="","",IFERROR(SUMPRODUCT($M$8:$BT$8*ISNUMBER($M28:$BT28))/SUMPRODUCT($M$8:$BT$8*($M28:$BT28<>"EX")),"")) | F28: =IF($B28="","",SUMPRODUCT($M$8:$BT$8*($M28:$BT28=""))+COUNTIF($M28:$BT28,"M")) | G28: =IF($B28="","",IFERROR(SUM($M28:$BT28)/SUMPRODUCT($M$7:$BT$7*ISNUMBER($M28:$BT28)),"")) | H28: =IF($B28="","",IFERROR(SUMIFS($M28:$BT28,$M$6:$BT$6,H$9)/SUMPRODUCT(($M$6:$BT$6=H$9)*$M$7:$BT$7*(ISNUMBER($M28:$BT28)+($M28:$BT28="M")+(Setup!$B$9="Yes")*$M$8:$BT$8*($M28:$BT28=""))),"")) | I28: =IF($B28="","",IFERROR(SUMIFS($M28:$BT28,$M$6:$BT$6,I$9)/SUMPRODUCT(($M$6:$BT$6=I$9)*$M$7:$BT$7*(ISNUMBER($M28:$BT28)+($M28:$BT28="M")+(Setup!$B$9="Yes")*$M$8:$BT$8*($M28:$BT28=""))),"")) | J28: =IF($B28="","",IFERROR(SUMIFS($M28:$BT28,$M$6:$BT$6,J$9)/SUMPRODUCT(($M$6:$BT$6=J$9)*$M$7:$BT$7*(ISNUMBER($M28:$BT28)+($M28:$BT28="M")+(Setup!$B$9="Yes")*$M$8:$BT$8*($M28:$BT28=""))),"")) | K28: =IF($B28="","",IFERROR(SUMIFS($M28:$BT28,$M$6:$BT$6,K$9)/SUMPRODUCT(($M$6:$BT$6=K$9)*$M$7:$BT$7*(ISNUMBER($M28:$BT28)+($M28:$BT28="M")+(Setup!$B$9="Yes")*$M$8:$BT$8*($M28:$BT28=""))),"")) | L28: =IF($B28="","",IFERROR(SUMIFS($M28:$BT28,$M$6:$BT$6,L$9)/SUMPRODUCT(($M$6:$BT$6=L$9)*$M$7:$BT$7*(ISNUMBER($M28:$BT28)+($M28:$BT28="M")+(Setup!$B$9="Yes")*$M$8:$BT$8*($M28:$BT28=""))),"")) | M28: 10 | N28: EX | O28: 23 | P28: EX | Q28: 94 | R28: 10 | S28: 7.4 | T28: 24 | U28: 9.4 | V28: 87 | W28: 8.5 | X28: 10 | Y28: 21
A29: 20 | B29: =IF(Roster!B25="","",Roster!B25) | C29: =IF($B29="","",IFERROR(SUMPRODUCT($H$3:$L$3,H29:L29)/SUMPRODUCT($H$3:$L$3,--ISNUMBER(H29:L29)),"")) | D29: =IF(C29="","",VLOOKUP(C29,Setup!$D$12:$E$23,2,TRUE)) | E29: =IF($B29="","",IFERROR(SUMPRODUCT($M$8:$BT$8*ISNUMBER($M29:$BT29))/SUMPRODUCT($M$8:$BT$8*($M29:$BT29<>"EX")),"")) | F29: =IF($B29="","",SUMPRODUCT($M$8:$BT$8*($M29:$BT29=""))+COUNTIF($M29:$BT29,"M")) | G29: =IF($B29="","",IFERROR(SUM($M29:$BT29)/SUMPRODUCT($M$7:$BT$7*ISNUMBER($M29:$BT29)),"")) | H29: =IF($B29="","",IFERROR(SUMIFS($M29:$BT29,$M$6:$BT$6,H$9)/SUMPRODUCT(($M$6:$BT$6=H$9)*$M$7:$BT$7*(ISNUMBER($M29:$BT29)+($M29:$BT29="M")+(Setup!$B$9="Yes")*$M$8:$BT$8*($M29:$BT29=""))),"")) | I29: =IF($B29="","",IFERROR(SUMIFS($M29:$BT29,$M$6:$BT$6,I$9)/SUMPRODUCT(($M$6:$BT$6=I$9)*$M$7:$BT$7*(ISNUMBER($M29:$BT29)+($M29:$BT29="M")+(Setup!$B$9="Yes")*$M$8:$BT$8*($M29:$BT29=""))),"")) | J29: =IF($B29="","",IFERROR(SUMIFS($M29:$BT29,$M$6:$BT$6,J$9)/SUMPRODUCT(($M$6:$BT$6=J$9)*$M$7:$BT$7*(ISNUMBER($M29:$BT29)+($M29:$BT29="M")+(Setup!$B$9="Yes")*$M$8:$BT$8*($M29:$BT29=""))),"")) | K29: =IF($B29="","",IFERROR(SUMIFS($M29:$BT29,$M$6:$BT$6,K$9)/SUMPRODUCT(($M$6:$BT$6=K$9)*$M$7:$BT$7*(ISNUMBER($M29:$BT29)+($M29:$BT29="M")+(Setup!$B$9="Yes")*$M$8:$BT$8*($M29:$BT29=""))),"")) | L29: =IF($B29="","",IFERROR(SUMIFS($M29:$BT29,$M$6:$BT$6,L$9)/SUMPRODUCT(($M$6:$BT$6=L$9)*$M$7:$BT$7*(ISNUMBER($M29:$BT29)+($M29:$BT29="M")+(Setup!$B$9="Yes")*$M$8:$BT$8*($M29:$BT29=""))),"")) | M29: 7.5 | N29: 9.9 | O29: 24 | P29: 7.6 | Q29: 86 | R29: 7.3 | S29: 9 | T29: M | U29: 8.7 | V29: 87 | W29: 6.6 | X29: 7.3 | Y29: 22
A30: 21 | B30: =IF(Roster!B26="","",Roster!B26) | C30: =IF($B30="","",IFERROR(SUMPRODUCT($H$3:$L$3,H30:L30)/SUMPRODUCT($H$3:$L$3,--ISNUMBER(H30:L30)),"")) | D30: =IF(C30="","",VLOOKUP(C30,Setup!$D$12:$E$23,2,TRUE)) | E30: =IF($B30="","",IFERROR(SUMPRODUCT($M$8:$BT$8*ISNUMBER($M30:$BT30))/SUMPRODUCT($M$8:$BT$8*($M30:$BT30<>"EX")),"")) | F30: =IF($B30="","",SUMPRODUCT($M$8:$BT$8*($M30:$BT30=""))+COUNTIF($M30:$BT30,"M")) | G30: =IF($B30="","",IFERROR(SUM($M30:$BT30)/SUMPRODUCT($M$7:$BT$7*ISNUMBER($M30:$BT30)),"")) | H30: =IF($B30="","",IFERROR(SUMIFS($M30:$BT30,$M$6:$BT$6,H$9)/SUMPRODUCT(($M$6:$BT$6=H$9)*$M$7:$BT$7*(ISNUMBER($M30:$BT30)+($M30:$BT30="M")+(Setup!$B$9="Yes")*$M$8:$BT$8*($M30:$BT30=""))),"")) | I30: =IF($B30="","",IFERROR(SUMIFS($M30:$BT30,$M$6:$BT$6,I$9)/SUMPRODUCT(($M$6:$BT$6=I$9)*$M$7:$BT$7*(ISNUMBER($M30:$BT30)+($M30:$BT30="M")+(Setup!$B$9="Yes")*$M$8:$BT$8*($M30:$BT30=""))),"")) | J30: =IF($B30="","",IFERROR(SUMIFS($M30:$BT30,$M$6:$BT$6,J$9)/SUMPRODUCT(($M$6:$BT$6=J$9)*$M$7:$BT$7*(ISNUMBER($M30:$BT30)+($M30:$BT30="M")+(Setup!$B$9="Yes")*$M$8:$BT$8*($M30:$BT30=""))),"")) | K30: =IF($B30="","",IFERROR(SUMIFS($M30:$BT30,$M$6:$BT$6,K$9)/SUMPRODUCT(($M$6:$BT$6=K$9)*$M$7:$BT$7*(ISNUMBER($M30:$BT30)+($M30:$BT30="M")+(Setup!$B$9="Yes")*$M$8:$BT$8*($M30:$BT30=""))),"")) | L30: =IF($B30="","",IFERROR(SUMIFS($M30:$BT30,$M$6:$BT$6,L$9)/SUMPRODUCT(($M$6:$BT$6=L$9)*$M$7:$BT$7*(ISNUMBER($M30:$BT30)+($M30:$BT30="M")+(Setup!$B$9="Yes")*$M$8:$BT$8*($M30:$BT30=""))),"")) | M30: 8.7 | N30: 8.5 | O30: 23 | P30: 8.7 | Q30: 90 | R30: 8.3 | S30: 8 | T30: 20 | U30: 8.4 | V30: 89 | W30: 10 | X30: 9.1 | Y30: 23
A31: 22 | B31: =IF(Roster!B27="","",Roster!B27) | C31: =IF($B31="","",IFERROR(SUMPRODUCT($H$3:$L$3,H31:L31)/SUMPRODUCT($H$3:$L$3,--ISNUMBER(H31:L31)),"")) | D31: =IF(C31="","",VLOOKUP(C31,Setup!$D$12:$E$23,2,TRUE)) | E31: =IF($B31="","",IFERROR(SUMPRODUCT($M$8:$BT$8*ISNUMBER($M31:$BT31))/SUMPRODUCT($M$8:$BT$8*($M31:$BT31<>"EX")),"")) | F31: =IF($B31="","",SUMPRODUCT($M$8:$BT$8*($M31:$BT31=""))+COUNTIF($M31:$BT31,"M")) | G31: =IF($B31="","",IFERROR(SUM($M31:$BT31)/SUMPRODUCT($M$7:$BT$7*ISNUMBER($M31:$BT31)),"")) | H31: =IF($B31="","",IFERROR(SUMIFS($M31:$BT31,$M$6:$BT$6,H$9)/SUMPRODUCT(($M$6:$BT$6=H$9)*$M$7:$BT$7*(ISNUMBER($M31:$BT31)+($M31:$BT31="M")+(Setup!$B$9="Yes")*$M$8:$BT$8*($M31:$BT31=""))),"")) | I31: =IF($B31="","",IFERROR(SUMIFS($M31:$BT31,$M$6:$BT$6,I$9)/SUMPRODUCT(($M$6:$BT$6=I$9)*$M$7:$BT$7*(ISNUMBER($M31:$BT31)+($M31:$BT31="M")+(Setup!$B$9="Yes")*$M$8:$BT$8*($M31:$BT31=""))),"")) | J31: =IF($B31="","",IFERROR(SUMIFS($M31:$BT31,$M$6:$BT$6,J$9)/SUMPRODUCT(($M$6:$BT$6=J$9)*$M$7:$BT$7*(ISNUMBER($M31:$BT31)+($M31:$BT31="M")+(Setup!$B$9="Yes")*$M$8:$BT$8*($M31:$BT31=""))),"")) | K31: =IF($B31="","",IFERROR(SUMIFS($M31:$BT31,$M$6:$BT$6,K$9)/SUMPRODUCT(($M$6:$BT$6=K$9)*$M$7:$BT$7*(ISNUMBER($M31:$BT31)+($M31:$BT31="M")+(Setup!$B$9="Yes")*$M$8:$BT$8*($M31:$BT31=""))),"")) | L31: =IF($B31="","",IFERROR(SUMIFS($M31:$BT31,$M$6:$BT$6,L$9)/SUMPRODUCT(($M$6:$BT$6=L$9)*$M$7:$BT$7*(ISNUMBER($M31:$BT31)+($M31:$BT31="M")+(Setup!$B$9="Yes")*$M$8:$BT$8*($M31:$BT31=""))),"")) | M31: 9.9 | N31: 8.8 | O31: 25 | P31: 10 | Q31: 94 | R31: 9.6 | S31: 9.1 | T31: M | U31: 9 | V31: 100 | W31: 10 | X31: 9.7 | Y31: 21
A32: 23 | B32: =IF(Roster!B28="","",Roster!B28) | C32: =IF($B32="","",IFERROR(SUMPRODUCT($H$3:$L$3,H32:L32)/SUMPRODUCT($H$3:$L$3,--ISNUMBER(H32:L32)),"")) | D32: =IF(C32="","",VLOOKUP(C32,Setup!$D$12:$E$23,2,TRUE)) | E32: =IF($B32="","",IFERROR(SUMPRODUCT($M$8:$BT$8*ISNUMBER($M32:$BT32))/SUMPRODUCT($M$8:$BT$8*($M32:$BT32<>"EX")),"")) | F32: =IF($B32="","",SUMPRODUCT($M$8:$BT$8*($M32:$BT32=""))+COUNTIF($M32:$BT32,"M")) | G32: =IF($B32="","",IFERROR(SUM($M32:$BT32)/SUMPRODUCT($M$7:$BT$7*ISNUMBER($M32:$BT32)),"")) | H32: =IF($B32="","",IFERROR(SUMIFS($M32:$BT32,$M$6:$BT$6,H$9)/SUMPRODUCT(($M$6:$BT$6=H$9)*$M$7:$BT$7*(ISNUMBER($M32:$BT32)+($M32:$BT32="M")+(Setup!$B$9="Yes")*$M$8:$BT$8*($M32:$BT32=""))),"")) | I32: =IF($B32="","",IFERROR(SUMIFS($M32:$BT32,$M$6:$BT$6,I$9)/SUMPRODUCT(($M$6:$BT$6=I$9)*$M$7:$BT$7*(ISNUMBER($M32:$BT32)+($M32:$BT32="M")+(Setup!$B$9="Yes")*$M$8:$BT$8*($M32:$BT32=""))),"")) | J32: =IF($B32="","",IFERROR(SUMIFS($M32:$BT32,$M$6:$BT$6,J$9)/SUMPRODUCT(($M$6:$BT$6=J$9)*$M$7:$BT$7*(ISNUMBER($M32:$BT32)+($M32:$BT32="M")+(Setup!$B$9="Yes")*$M$8:$BT$8*($M32:$BT32=""))),"")) | K32: =IF($B32="","",IFERROR(SUMIFS($M32:$BT32,$M$6:$BT$6,K$9)/SUMPRODUCT(($M$6:$BT$6=K$9)*$M$7:$BT$7*(ISNUMBER($M32:$BT32)+($M32:$BT32="M")+(Setup!$B$9="Yes")*$M$8:$BT$8*($M32:$BT32=""))),"")) | L32: =IF($B32="","",IFERROR(SUMIFS($M32:$BT32,$M$6:$BT$6,L$9)/SUMPRODUCT(($M$6:$BT$6=L$9)*$M$7:$BT$7*(ISNUMBER($M32:$BT32)+($M32:$BT32="M")+(Setup!$B$9="Yes")*$M$8:$BT$8*($M32:$BT32=""))),"")) | M32: 9.5 | N32: 9.4 | O32: 19 | P32: 9.1 | Q32: 100 | R32: M | S32: 9.2 | T32: 21 | U32: 9.6 | V32: 76 | W32: 9.6 | X32: 9.1 | Y32: 23
A33: 24 | B33: =IF(Roster!B29="","",Roster!B29) | C33: =IF($B33="","",IFERROR(SUMPRODUCT($H$3:$L$3,H33:L33)/SUMPRODUCT($H$3:$L$3,--ISNUMBER(H33:L33)),"")) | D33: =IF(C33="","",VLOOKUP(C33,Setup!$D$12:$E$23,2,TRUE)) | E33: =IF($B33="","",IFERROR(SUMPRODUCT($M$8:$BT$8*ISNUMBER($M33:$BT33))/SUMPRODUCT($M$8:$BT$8*($M33:$BT33<>"EX")),"")) | F33: =IF($B33="","",SUMPRODUCT($M$8:$BT$8*($M33:$BT33=""))+COUNTIF($M33:$BT33,"M")) | G33: =IF($B33="","",IFERROR(SUM($M33:$BT33)/SUMPRODUCT($M$7:$BT$7*ISNUMBER($M33:$BT33)),"")) | H33: =IF($B33="","",IFERROR(SUMIFS($M33:$BT33,$M$6:$BT$6,H$9)/SUMPRODUCT(($M$6:$BT$6=H$9)*$M$7:$BT$7*(ISNUMBER($M33:$BT33)+($M33:$BT33="M")+(Setup!$B$9="Yes")*$M$8:$BT$8*($M33:$BT33=""))),"")) | I33: =IF($B33="","",IFERROR(SUMIFS($M33:$BT33,$M$6:$BT$6,I$9)/SUMPRODUCT(($M$6:$BT$6=I$9)*$M$7:$BT$7*(ISNUMBER($M33:$BT33)+($M33:$BT33="M")+(Setup!$B$9="Yes")*$M$8:$BT$8*($M33:$BT33=""))),"")) | J33: =IF($B33="","",IFERROR(SUMIFS($M33:$BT33,$M$6:$BT$6,J$9)/SUMPRODUCT(($M$6:$BT$6=J$9)*$M$7:$BT$7*(ISNUMBER($M33:$BT33)+($M33:$BT33="M")+(Setup!$B$9="Yes")*$M$8:$BT$8*($M33:$BT33=""))),"")) | K33: =IF($B33="","",IFERROR(SUMIFS($M33:$BT33,$M$6:$BT$6,K$9)/SUMPRODUCT(($M$6:$BT$6=K$9)*$M$7:$BT$7*(ISNUMBER($M33:$BT33)+($M33:$BT33="M")+(Setup!$B$9="Yes")*$M$8:$BT$8*($M33:$BT33=""))),"")) | L33: =IF($B33="","",IFERROR(SUMIFS($M33:$BT33,$M$6:$BT$6,L$9)/SUMPRODUCT(($M$6:$BT$6=L$9)*$M$7:$BT$7*(ISNUMBER($M33:$BT33)+($M33:$BT33="M")+(Setup!$B$9="Yes")*$M$8:$BT$8*($M33:$BT33=""))),"")) | M33: 9.6 | N33: 9.6 | O33: 25 | P33: 8.7 | Q33: 96 | R33: 10 | S33: 10 | T33: 24 | U33: 10 | V33: 100 | W33: 9.9 | X33: 10 | Y33: 24
A34: 25 | B34: =IF(Roster!B30="","",Roster!B30) | C34: =IF($B34="","",IFERROR(SUMPRODUCT($H$3:$L$3,H34:L34)/SUMPRODUCT($H$3:$L$3,--ISNUMBER(H34:L34)),"")) | D34: =IF(C34="","",VLOOKUP(C34,Setup!$D$12:$E$23,2,TRUE)) | E34: =IF($B34="","",IFERROR(SUMPRODUCT($M$8:$BT$8*ISNUMBER($M34:$BT34))/SUMPRODUCT($M$8:$BT$8*($M34:$BT34<>"EX")),"")) | F34: =IF($B34="","",SUMPRODUCT($M$8:$BT$8*($M34:$BT34=""))+COUNTIF($M34:$BT34,"M")) | G34: =IF($B34="","",IFERROR(SUM($M34:$BT34)/SUMPRODUCT($M$7:$BT$7*ISNUMBER($M34:$BT34)),"")) | H34: =IF($B34="","",IFERROR(SUMIFS($M34:$BT34,$M$6:$BT$6,H$9)/SUMPRODUCT(($M$6:$BT$6=H$9)*$M$7:$BT$7*(ISNUMBER($M34:$BT34)+($M34:$BT34="M")+(Setup!$B$9="Yes")*$M$8:$BT$8*($M34:$BT34=""))),"")) | I34: =IF($B34="","",IFERROR(SUMIFS($M34:$BT34,$M$6:$BT$6,I$9)/SUMPRODUCT(($M$6:$BT$6=I$9)*$M$7:$BT$7*(ISNUMBER($M34:$BT34)+($M34:$BT34="M")+(Setup!$B$9="Yes")*$M$8:$BT$8*($M34:$BT34=""))),"")) | J34: =IF($B34="","",IFERROR(SUMIFS($M34:$BT34,$M$6:$BT$6,J$9)/SUMPRODUCT(($M$6:$BT$6=J$9)*$M$7:$BT$7*(ISNUMBER($M34:$BT34)+($M34:$BT34="M")+(Setup!$B$9="Yes")*$M$8:$BT$8*($M34:$BT34=""))),"")) | K34: =IF($B34="","",IFERROR(SUMIFS($M34:$BT34,$M$6:$BT$6,K$9)/SUMPRODUCT(($M$6:$BT$6=K$9)*$M$7:$BT$7*(ISNUMBER($M34:$BT34)+($M34:$BT34="M")+(Setup!$B$9="Yes")*$M$8:$BT$8*($M34:$BT34=""))),"")) | L34: =IF($B34="","",IFERROR(SUMIFS($M34:$BT34,$M$6:$BT$6,L$9)/SUMPRODUCT(($M$6:$BT$6=L$9)*$M$7:$BT$7*(ISNUMBER($M34:$BT34)+($M34:$BT34="M")+(Setup!$B$9="Yes")*$M$8:$BT$8*($M34:$BT34=""))),""))
A35: 26 | B35: =IF(Roster!B31="","",Roster!B31) | C35: =IF($B35="","",IFERROR(SUMPRODUCT($H$3:$L$3,H35:L35)/SUMPRODUCT($H$3:$L$3,--ISNUMBER(H35:L35)),"")) | D35: =IF(C35="","",VLOOKUP(C35,Setup!$D$12:$E$23,2,TRUE)) | E35: =IF($B35="","",IFERROR(SUMPRODUCT($M$8:$BT$8*ISNUMBER($M35:$BT35))/SUMPRODUCT($M$8:$BT$8*($M35:$BT35<>"EX")),"")) | F35: =IF($B35="","",SUMPRODUCT($M$8:$BT$8*($M35:$BT35=""))+COUNTIF($M35:$BT35,"M")) | G35: =IF($B35="","",IFERROR(SUM($M35:$BT35)/SUMPRODUCT($M$7:$BT$7*ISNUMBER($M35:$BT35)),"")) | H35: =IF($B35="","",IFERROR(SUMIFS($M35:$BT35,$M$6:$BT$6,H$9)/SUMPRODUCT(($M$6:$BT$6=H$9)*$M$7:$BT$7*(ISNUMBER($M35:$BT35)+($M35:$BT35="M")+(Setup!$B$9="Yes")*$M$8:$BT$8*($M35:$BT35=""))),"")) | I35: =IF($B35="","",IFERROR(SUMIFS($M35:$BT35,$M$6:$BT$6,I$9)/SUMPRODUCT(($M$6:$BT$6=I$9)*$M$7:$BT$7*(ISNUMBER($M35:$BT35)+($M35:$BT35="M")+(Setup!$B$9="Yes")*$M$8:$BT$8*($M35:$BT35=""))),"")) | J35: =IF($B35="","",IFERROR(SUMIFS($M35:$BT35,$M$6:$BT$6,J$9)/SUMPRODUCT(($M$6:$BT$6=J$9)*$M$7:$BT$7*(ISNUMBER($M35:$BT35)+($M35:$BT35="M")+(Setup!$B$9="Yes")*$M$8:$BT$8*($M35:$BT35=""))),"")) | K35: =IF($B35="","",IFERROR(SUMIFS($M35:$BT35,$M$6:$BT$6,K$9)/SUMPRODUCT(($M$6:$BT$6=K$9)*$M$7:$BT$7*(ISNUMBER($M35:$BT35)+($M35:$BT35="M")+(Setup!$B$9="Yes")*$M$8:$BT$8*($M35:$BT35=""))),"")) | L35: =IF($B35="","",IFERROR(SUMIFS($M35:$BT35,$M$6:$BT$6,L$9)/SUMPRODUCT(($M$6:$BT$6=L$9)*$M$7:$BT$7*(ISNUMBER($M35:$BT35)+($M35:$BT35="M")+(Setup!$B$9="Yes")*$M$8:$BT$8*($M35:$BT35=""))),""))
A36: 27 | B36: =IF(Roster!B32="","",Roster!B32) | C36: =IF($B36="","",IFERROR(SUMPRODUCT($H$3:$L$3,H36:L36)/SUMPRODUCT($H$3:$L$3,--ISNUMBER(H36:L36)),"")) | D36: =IF(C36="","",VLOOKUP(C36,Setup!$D$12:$E$23,2,TRUE)) | E36: =IF($B36="","",IFERROR(SUMPRODUCT($M$8:$BT$8*ISNUMBER($M36:$BT36))/SUMPRODUCT($M$8:$BT$8*($M36:$BT36<>"EX")),"")) | F36: =IF($B36="","",SUMPRODUCT($M$8:$BT$8*($M36:$BT36=""))+COUNTIF($M36:$BT36,"M")) | G36: =IF($B36="","",IFERROR(SUM($M36:$BT36)/SUMPRODUCT($M$7:$BT$7*ISNUMBER($M36:$BT36)),"")) | H36: =IF($B36="","",IFERROR(SUMIFS($M36:$BT36,$M$6:$BT$6,H$9)/SUMPRODUCT(($M$6:$BT$6=H$9)*$M$7:$BT$7*(ISNUMBER($M36:$BT36)+($M36:$BT36="M")+(Setup!$B$9="Yes")*$M$8:$BT$8*($M36:$BT36=""))),"")) | I36: =IF($B36="","",IFERROR(SUMIFS($M36:$BT36,$M$6:$BT$6,I$9)/SUMPRODUCT(($M$6:$BT$6=I$9)*$M$7:$BT$7*(ISNUMBER($M36:$BT36)+($M36:$BT36="M")+(Setup!$B$9="Yes")*$M$8:$BT$8*($M36:$BT36=""))),"")) | J36: =IF($B36="","",IFERROR(SUMIFS($M36:$BT36,$M$6:$BT$6,J$9)/SUMPRODUCT(($M$6:$BT$6=J$9)*$M$7:$BT$7*(ISNUMBER($M36:$BT36)+($M36:$BT36="M")+(Setup!$B$9="Yes")*$M$8:$BT$8*($M36:$BT36=""))),"")) | K36: =IF($B36="","",IFERROR(SUMIFS($M36:$BT36,$M$6:$BT$6,K$9)/SUMPRODUCT(($M$6:$BT$6=K$9)*$M$7:$BT$7*(ISNUMBER($M36:$BT36)+($M36:$BT36="M")+(Setup!$B$9="Yes")*$M$8:$BT$8*($M36:$BT36=""))),"")) | L36: =IF($B36="","",IFERROR(SUMIFS($M36:$BT36,$M$6:$BT$6,L$9)/SUMPRODUCT(($M$6:$BT$6=L$9)*$M$7:$BT$7*(ISNUMBER($M36:$BT36)+($M36:$BT36="M")+(Setup!$B$9="Yes")*$M$8:$BT$8*($M36:$BT36=""))),""))
A37: 28 | B37: =IF(Roster!B33="","",Roster!B33) | C37: =IF($B37="","",IFERROR(SUMPRODUCT($H$3:$L$3,H37:L37)/SUMPRODUCT($H$3:$L$3,--ISNUMBER(H37:L37)),"")) | D37: =IF(C37="","",VLOOKUP(C37,Setup!$D$12:$E$23,2,TRUE)) | E37: =IF($B37="","",IFERROR(SUMPRODUCT($M$8:$BT$8*ISNUMBER($M37:$BT37))/SUMPRODUCT($M$8:$BT$8*($M37:$BT37<>"EX")),"")) | F37: =IF($B37="","",SUMPRODUCT($M$8:$BT$8*($M37:$BT37=""))+COUNTIF($M37:$BT37,"M")) | G37: =IF($B37="","",IFERROR(SUM($M37:$BT37)/SUMPRODUCT($M$7:$BT$7*ISNUMBER($M37:$BT37)),"")) | H37: =IF($B37="","",IFERROR(SUMIFS($M37:$BT37,$M$6:$BT$6,H$9)/SUMPRODUCT(($M$6:$BT$6=H$9)*$M$7:$BT$7*(ISNUMBER($M37:$BT37)+($M37:$BT37="M")+(Setup!$B$9="Yes")*$M$8:$BT$8*($M37:$BT37=""))),"")) | I37: =IF($B37="","",IFERROR(SUMIFS($M37:$BT37,$M$6:$BT$6,I$9)/SUMPRODUCT(($M$6:$BT$6=I$9)*$M$7:$BT$7*(ISNUMBER($M37:$BT37)+($M37:$BT37="M")+(Setup!$B$9="Yes")*$M$8:$BT$8*($M37:$BT37=""))),"")) | J37: =IF($B37="","",IFERROR(SUMIFS($M37:$BT37,$M$6:$BT$6,J$9)/SUMPRODUCT(($M$6:$BT$6=J$9)*$M$7:$BT$7*(ISNUMBER($M37:$BT37)+($M37:$BT37="M")+(Setup!$B$9="Yes")*$M$8:$BT$8*($M37:$BT37=""))),"")) | K37: =IF($B37="","",IFERROR(SUMIFS($M37:$BT37,$M$6:$BT$6,K$9)/SUMPRODUCT(($M$6:$BT$6=K$9)*$M$7:$BT$7*(ISNUMBER($M37:$BT37)+($M37:$BT37="M")+(Setup!$B$9="Yes")*$M$8:$BT$8*($M37:$BT37=""))),"")) | L37: =IF($B37="","",IFERROR(SUMIFS($M37:$BT37,$M$6:$BT$6,L$9)/SUMPRODUCT(($M$6:$BT$6=L$9)*$M$7:$BT$7*(ISNUMBER($M37:$BT37)+($M37:$BT37="M")+(Setup!$B$9="Yes")*$M$8:$BT$8*($M37:$BT37=""))),""))
A38: 29 | B38: =IF(Roster!B34="","",Roster!B34) | C38: =IF($B38="","",IFERROR(SUMPRODUCT($H$3:$L$3,H38:L38)/SUMPRODUCT($H$3:$L$3,--ISNUMBER(H38:L38)),"")) | D38: =IF(C38="","",VLOOKUP(C38,Setup!$D$12:$E$23,2,TRUE)) | E38: =IF($B38="","",IFERROR(SUMPRODUCT($M$8:$BT$8*ISNUMBER($M38:$BT38))/SUMPRODUCT($M$8:$BT$8*($M38:$BT38<>"EX")),"")) | F38: =IF($B38="","",SUMPRODUCT($M$8:$BT$8*($M38:$BT38=""))+COUNTIF($M38:$BT38,"M")) | G38: =IF($B38="","",IFERROR(SUM($M38:$BT38)/SUMPRODUCT($M$7:$BT$7*ISNUMBER($M38:$BT38)),"")) | H38: =IF($B38="","",IFERROR(SUMIFS($M38:$BT38,$M$6:$BT$6,H$9)/SUMPRODUCT(($M$6:$BT$6=H$9)*$M$7:$BT$7*(ISNUMBER($M38:$BT38)+($M38:$BT38="M")+(Setup!$B$9="Yes")*$M$8:$BT$8*($M38:$BT38=""))),"")) | I38: =IF($B38="","",IFERROR(SUMIFS($M38:$BT38,$M$6:$BT$6,I$9)/SUMPRODUCT(($M$6:$BT$6=I$9)*$M$7:$BT$7*(ISNUMBER($M38:$BT38)+($M38:$BT38="M")+(Setup!$B$9="Yes")*$M$8:$BT$8*($M38:$BT38=""))),"")) | J38: =IF($B38="","",IFERROR(SUMIFS($M38:$BT38,$M$6:$BT$6,J$9)/SUMPRODUCT(($M$6:$BT$6=J$9)*$M$7:$BT$7*(ISNUMBER($M38:$BT38)+($M38:$BT38="M")+(Setup!$B$9="Yes")*$M$8:$BT$8*($M38:$BT38=""))),"")) | K38: =IF($B38="","",IFERROR(SUMIFS($M38:$BT38,$M$6:$BT$6,K$9)/SUMPRODUCT(($M$6:$BT$6=K$9)*$M$7:$BT$7*(ISNUMBER($M38:$BT38)+($M38:$BT38="M")+(Setup!$B$9="Yes")*$M$8:$BT$8*($M38:$BT38=""))),"")) | L38: =IF($B38="","",IFERROR(SUMIFS($M38:$BT38,$M$6:$BT$6,L$9)/SUMPRODUCT(($M$6:$BT$6=L$9)*$M$7:$BT$7*(ISNUMBER($M38:$BT38)+($M38:$BT38="M")+(Setup!$B$9="Yes")*$M$8:$BT$8*($M38:$BT38=""))),""))
A39: 30 | B39: =IF(Roster!B35="","",Roster!B35) | C39: =IF($B39="","",IFERROR(SUMPRODUCT($H$3:$L$3,H39:L39)/SUMPRODUCT($H$3:$L$3,--ISNUMBER(H39:L39)),"")) | D39: =IF(C39="","",VLOOKUP(C39,Setup!$D$12:$E$23,2,TRUE)) | E39: =IF($B39="","",IFERROR(SUMPRODUCT($M$8:$BT$8*ISNUMBER($M39:$BT39))/SUMPRODUCT($M$8:$BT$8*($M39:$BT39<>"EX")),"")) | F39: =IF($B39="","",SUMPRODUCT($M$8:$BT$8*($M39:$BT39=""))+COUNTIF($M39:$BT39,"M")) | G39: =IF($B39="","",IFERROR(SUM($M39:$BT39)/SUMPRODUCT($M$7:$BT$7*ISNUMBER($M39:$BT39)),"")) | H39: =IF($B39="","",IFERROR(SUMIFS($M39:$BT39,$M$6:$BT$6,H$9)/SUMPRODUCT(($M$6:$BT$6=H$9)*$M$7:$BT$7*(ISNUMBER($M39:$BT39)+($M39:$BT39="M")+(Setup!$B$9="Yes")*$M$8:$BT$8*($M39:$BT39=""))),"")) | I39: =IF($B39="","",IFERROR(SUMIFS($M39:$BT39,$M$6:$BT$6,I$9)/SUMPRODUCT(($M$6:$BT$6=I$9)*$M$7:$BT$7*(ISNUMBER($M39:$BT39)+($M39:$BT39="M")+(Setup!$B$9="Yes")*$M$8:$BT$8*($M39:$BT39=""))),"")) | J39: =IF($B39="","",IFERROR(SUMIFS($M39:$BT39,$M$6:$BT$6,J$9)/SUMPRODUCT(($M$6:$BT$6=J$9)*$M$7:$BT$7*(ISNUMBER($M39:$BT39)+($M39:$BT39="M")+(Setup!$B$9="Yes")*$M$8:$BT$8*($M39:$BT39=""))),"")) | K39: =IF($B39="","",IFERROR(SUMIFS($M39:$BT39,$M$6:$BT$6,K$9)/SUMPRODUCT(($M$6:$BT$6=K$9)*$M$7:$BT$7*(ISNUMBER($M39:$BT39)+($M39:$BT39="M")+(Setup!$B$9="Yes")*$M$8:$BT$8*($M39:$BT39=""))),"")) | L39: =IF($B39="","",IFERROR(SUMIFS($M39:$BT39,$M$6:$BT$6,L$9)/SUMPRODUCT(($M$6:$BT$6=L$9)*$M$7:$BT$7*(ISNUMBER($M39:$BT39)+($M39:$BT39="M")+(Setup!$B$9="Yes")*$M$8:$BT$8*($M39:$BT39=""))),""))
A40: 31 | B40: =IF(Roster!B36="","",Roster!B36) | C40: =IF($B40="","",IFERROR(SUMPRODUCT($H$3:$L$3,H40:L40)/SUMPRODUCT($H$3:$L$3,--ISNUMBER(H40:L40)),"")) | D40: =IF(C40="","",VLOOKUP(C40,Setup!$D$12:$E$23,2,TRUE)) | E40: =IF($B40="","",IFERROR(SUMPRODUCT($M$8:$BT$8*ISNUMBER($M40:$BT40))/SUMPRODUCT($M$8:$BT$8*($M40:$BT40<>"EX")),"")) | F40: =IF($B40="","",SUMPRODUCT($M$8:$BT$8*($M40:$BT40=""))+COUNTIF($M40:$BT40,"M")) | G40: =IF($B40="","",IFERROR(SUM($M40:$BT40)/SUMPRODUCT($M$7:$BT$7*ISNUMBER($M40:$BT40)),"")) | H40: =IF($B40="","",IFERROR(SUMIFS($M40:$BT40,$M$6:$BT$6,H$9)/SUMPRODUCT(($M$6:$BT$6=H$9)*$M$7:$BT$7*(ISNUMBER($M40:$BT40)+($M40:$BT40="M")+(Setup!$B$9="Yes")*$M$8:$BT$8*($M40:$BT40=""))),"")) | I40: =IF($B40="","",IFERROR(SUMIFS($M40:$BT40,$M$6:$BT$6,I$9)/SUMPRODUCT(($M$6:$BT$6=I$9)*$M$7:$BT$7*(ISNUMBER($M40:$BT40)+($M40:$BT40="M")+(Setup!$B$9="Yes")*$M$8:$BT$8*($M40:$BT40=""))),"")) | J40: =IF($B40="","",IFERROR(SUMIFS($M40:$BT40,$M$6:$BT$6,J$9)/SUMPRODUCT(($M$6:$BT$6=J$9)*$M$7:$BT$7*(ISNUMBER($M40:$BT40)+($M40:$BT40="M")+(Setup!$B$9="Yes")*$M$8:$BT$8*($M40:$BT40=""))),"")) | K40: =IF($B40="","",IFERROR(SUMIFS($M40:$BT40,$M$6:$BT$6,K$9)/SUMPRODUCT(($M$6:$BT$6=K$9)*$M$7:$BT$7*(ISNUMBER($M40:$BT40)+($M40:$BT40="M")+(Setup!$B$9="Yes")*$M$8:$BT$8*($M40:$BT40=""))),"")) | L40: =IF($B40="","",IFERROR(SUMIFS($M40:$BT40,$M$6:$BT$6,L$9)/SUMPRODUCT(($M$6:$BT$6=L$9)*$M$7:$BT$7*(ISNUMBER($M40:$BT40)+($M40:$BT40="M")+(Setup!$B$9="Yes")*$M$8:$BT$8*($M40:$BT40=""))),""))
A41: 32 | B41: =IF(Roster!B37="","",Roster!B37) | C41: =IF($B41="","",IFERROR(SUMPRODUCT($H$3:$L$3,H41:L41)/SUMPRODUCT($H$3:$L$3,--ISNUMBER(H41:L41)),"")) | D41: =IF(C41="","",VLOOKUP(C41,Setup!$D$12:$E$23,2,TRUE)) | E41: =IF($B41="","",IFERROR(SUMPRODUCT($M$8:$BT$8*ISNUMBER($M41:$BT41))/SUMPRODUCT($M$8:$BT$8*($M41:$BT41<>"EX")),"")) | F41: =IF($B41="","",SUMPRODUCT($M$8:$BT$8*($M41:$BT41=""))+COUNTIF($M41:$BT41,"M")) | G41: =IF($B41="","",IFERROR(SUM($M41:$BT41)/SUMPRODUCT($M$7:$BT$7*ISNUMBER($M41:$BT41)),"")) | H41: =IF($B41="","",IFERROR(SUMIFS($M41:$BT41,$M$6:$BT$6,H$9)/SUMPRODUCT(($M$6:$BT$6=H$9)*$M$7:$BT$7*(ISNUMBER($M41:$BT41)+($M41:$BT41="M")+(Setup!$B$9="Yes")*$M$8:$BT$8*($M41:$BT41=""))),"")) | I41: =IF($B41="","",IFERROR(SUMIFS($M41:$BT41,$M$6:$BT$6,I$9)/SUMPRODUCT(($M$6:$BT$6=I$9)*$M$7:$BT$7*(ISNUMBER($M41:$BT41)+($M41:$BT41="M")+(Setup!$B$9="Yes")*$M$8:$BT$8*($M41:$BT41=""))),"")) | J41: =IF($B41="","",IFERROR(SUMIFS($M41:$BT41,$M$6:$BT$6,J$9)/SUMPRODUCT(($M$6:$BT$6=J$9)*$M$7:$BT$7*(ISNUMBER($M41:$BT41)+($M41:$BT41="M")+(Setup!$B$9="Yes")*$M$8:$BT$8*($M41:$BT41=""))),"")) | K41: =IF($B41="","",IFERROR(SUMIFS($M41:$BT41,$M$6:$BT$6,K$9)/SUMPRODUCT(($M$6:$BT$6=K$9)*$M$7:$BT$7*(ISNUMBER($M41:$BT41)+($M41:$BT41="M")+(Setup!$B$9="Yes")*$M$8:$BT$8*($M41:$BT41=""))),"")) | L41: =IF($B41="","",IFERROR(SUMIFS($M41:$BT41,$M$6:$BT$6,L$9)/SUMPRODUCT(($M$6:$BT$6=L$9)*$M$7:$BT$7*(ISNUMBER($M41:$BT41)+($M41:$BT41="M")+(Setup!$B$9="Yes")*$M$8:$BT$8*($M41:$BT41=""))),""))
A42: 33 | B42: =IF(Roster!B38="","",Roster!B38) | C42: =IF($B42="","",IFERROR(SUMPRODUCT($H$3:$L$3,H42:L42)/SUMPRODUCT($H$3:$L$3,--ISNUMBER(H42:L42)),"")) | D42: =IF(C42="","",VLOOKUP(C42,Setup!$D$12:$E$23,2,TRUE)) | E42: =IF($B42="","",IFERROR(SUMPRODUCT($M$8:$BT$8*ISNUMBER($M42:$BT42))/SUMPRODUCT($M$8:$BT$8*($M42:$BT42<>"EX")),"")) | F42: =IF($B42="","",SUMPRODUCT($M$8:$BT$8*($M42:$BT42=""))+COUNTIF($M42:$BT42,"M")) | G42: =IF($B42="","",IFERROR(SUM($M42:$BT42)/SUMPRODUCT($M$7:$BT$7*ISNUMBER($M42:$BT42)),"")) | H42: =IF($B42="","",IFERROR(SUMIFS($M42:$BT42,$M$6:$BT$6,H$9)/SUMPRODUCT(($M$6:$BT$6=H$9)*$M$7:$BT$7*(ISNUMBER($M42:$BT42)+($M42:$BT42="M")+(Setup!$B$9="Yes")*$M$8:$BT$8*($M42:$BT42=""))),"")) | I42: =IF($B42="","",IFERROR(SUMIFS($M42:$BT42,$M$6:$BT$6,I$9)/SUMPRODUCT(($M$6:$BT$6=I$9)*$M$7:$BT$7*(ISNUMBER($M42:$BT42)+($M42:$BT42="M")+(Setup!$B$9="Yes")*$M$8:$BT$8*($M42:$BT42=""))),"")) | J42: =IF($B42="","",IFERROR(SUMIFS($M42:$BT42,$M$6:$BT$6,J$9)/SUMPRODUCT(($M$6:$BT$6=J$9)*$M$7:$BT$7*(ISNUMBER($M42:$BT42)+($M42:$BT42="M")+(Setup!$B$9="Yes")*$M$8:$BT$8*($M42:$BT42=""))),"")) | K42: =IF($B42="","",IFERROR(SUMIFS($M42:$BT42,$M$6:$BT$6,K$9)/SUMPRODUCT(($M$6:$BT$6=K$9)*$M$7:$BT$7*(ISNUMBER($M42:$BT42)+($M42:$BT42="M")+(Setup!$B$9="Yes")*$M$8:$BT$8*($M42:$BT42=""))),"")) | L42: =IF($B42="","",IFERROR(SUMIFS($M42:$BT42,$M$6:$BT$6,L$9)/SUMPRODUCT(($M$6:$BT$6=L$9)*$M$7:$BT$7*(ISNUMBER($M42:$BT42)+($M42:$BT42="M")+(Setup!$B$9="Yes")*$M$8:$BT$8*($M42:$BT42=""))),""))
A43: 34 | B43: =IF(Roster!B39="","",Roster!B39) | C43: =IF($B43="","",IFERROR(SUMPRODUCT($H$3:$L$3,H43:L43)/SUMPRODUCT($H$3:$L$3,--ISNUMBER(H43:L43)),"")) | D43: =IF(C43="","",VLOOKUP(C43,Setup!$D$12:$E$23,2,TRUE)) | E43: =IF($B43="","",IFERROR(SUMPRODUCT($M$8:$BT$8*ISNUMBER($M43:$BT43))/SUMPRODUCT($M$8:$BT$8*($M43:$BT43<>"EX")),"")) | F43: =IF($B43="","",SUMPRODUCT($M$8:$BT$8*($M43:$BT43=""))+COUNTIF($M43:$BT43,"M")) | G43: =IF($B43="","",IFERROR(SUM($M43:$BT43)/SUMPRODUCT($M$7:$BT$7*ISNUMBER($M43:$BT43)),"")) | H43: =IF($B43="","",IFERROR(SUMIFS($M43:$BT43,$M$6:$BT$6,H$9)/SUMPRODUCT(($M$6:$BT$6=H$9)*$M$7:$BT$7*(ISNUMBER($M43:$BT43)+($M43:$BT43="M")+(Setup!$B$9="Yes")*$M$8:$BT$8*($M43:$BT43=""))),"")) | I43: =IF($B43="","",IFERROR(SUMIFS($M43:$BT43,$M$6:$BT$6,I$9)/SUMPRODUCT(($M$6:$BT$6=I$9)*$M$7:$BT$7*(ISNUMBER($M43:$BT43)+($M43:$BT43="M")+(Setup!$B$9="Yes")*$M$8:$BT$8*($M43:$BT43=""))),"")) | J43: =IF($B43="","",IFERROR(SUMIFS($M43:$BT43,$M$6:$BT$6,J$9)/SUMPRODUCT(($M$6:$BT$6=J$9)*$M$7:$BT$7*(ISNUMBER($M43:$BT43)+($M43:$BT43="M")+(Setup!$B$9="Yes")*$M$8:$BT$8*($M43:$BT43=""))),"")) | K43: =IF($B43="","",IFERROR(SUMIFS($M43:$BT43,$M$6:$BT$6,K$9)/SUMPRODUCT(($M$6:$BT$6=K$9)*$M$7:$BT$7*(ISNUMBER($M43:$BT43)+($M43:$BT43="M")+(Setup!$B$9="Yes")*$M$8:$BT$8*($M43:$BT43=""))),"")) | L43: =IF($B43="","",IFERROR(SUMIFS($M43:$BT43,$M$6:$BT$6,L$9)/SUMPRODUCT(($M$6:$BT$6=L$9)*$M$7:$BT$7*(ISNUMBER($M43:$BT43)+($M43:$BT43="M")+(Setup!$B$9="Yes")*$M$8:$BT$8*($M43:$BT43=""))),""))
A44: 35 | B44: =IF(Roster!B40="","",Roster!B40) | C44: =IF($B44="","",IFERROR(SUMPRODUCT($H$3:$L$3,H44:L44)/SUMPRODUCT($H$3:$L$3,--ISNUMBER(H44:L44)),"")) | D44: =IF(C44="","",VLOOKUP(C44,Setup!$D$12:$E$23,2,TRUE)) | E44: =IF($B44="","",IFERROR(SUMPRODUCT($M$8:$BT$8*ISNUMBER($M44:$BT44))/SUMPRODUCT($M$8:$BT$8*($M44:$BT44<>"EX")),"")) | F44: =IF($B44="","",SUMPRODUCT($M$8:$BT$8*($M44:$BT44=""))+COUNTIF($M44:$BT44,"M")) | G44: =IF($B44="","",IFERROR(SUM($M44:$BT44)/SUMPRODUCT($M$7:$BT$7*ISNUMBER($M44:$BT44)),"")) | H44: =IF($B44="","",IFERROR(SUMIFS($M44:$BT44,$M$6:$BT$6,H$9)/SUMPRODUCT(($M$6:$BT$6=H$9)*$M$7:$BT$7*(ISNUMBER($M44:$BT44)+($M44:$BT44="M")+(Setup!$B$9="Yes")*$M$8:$BT$8*($M44:$BT44=""))),"")) | I44: =IF($B44="","",IFERROR(SUMIFS($M44:$BT44,$M$6:$BT$6,I$9)/SUMPRODUCT(($M$6:$BT$6=I$9)*$M$7:$BT$7*(ISNUMBER($M44:$BT44)+($M44:$BT44="M")+(Setup!$B$9="Yes")*$M$8:$BT$8*($M44:$BT44=""))),"")) | J44: =IF($B44="","",IFERROR(SUMIFS($M44:$BT44,$M$6:$BT$6,J$9)/SUMPRODUCT(($M$6:$BT$6=J$9)*$M$7:$BT$7*(ISNUMBER($M44:$BT44)+($M44:$BT44="M")+(Setup!$B$9="Yes")*$M$8:$BT$8*($M44:$BT44=""))),"")) | K44: =IF($B44="","",IFERROR(SUMIFS($M44:$BT44,$M$6:$BT$6,K$9)/SUMPRODUCT(($M$6:$BT$6=K$9)*$M$7:$BT$7*(ISNUMBER($M44:$BT44)+($M44:$BT44="M")+(Setup!$B$9="Yes")*$M$8:$BT$8*($M44:$BT44=""))),"")) | L44: =IF($B44="","",IFERROR(SUMIFS($M44:$BT44,$M$6:$BT$6,L$9)/SUMPRODUCT(($M$6:$BT$6=L$9)*$M$7:$BT$7*(ISNUMBER($M44:$BT44)+($M44:$BT44="M")+(Setup!$B$9="Yes")*$M$8:$BT$8*($M44:$BT44=""))),""))
A45: 36 | B45: =IF(Roster!B41="","",Roster!B41) | C45: =IF($B45="","",IFERROR(SUMPRODUCT($H$3:$L$3,H45:L45)/SUMPRODUCT($H$3:$L$3,--ISNUMBER(H45:L45)),"")) | D45: =IF(C45="","",VLOOKUP(C45,Setup!$D$12:$E$23,2,TRUE)) | E45: =IF($B45="","",IFERROR(SUMPRODUCT($M$8:$BT$8*ISNUMBER($M45:$BT45))/SUMPRODUCT($M$8:$BT$8*($M45:$BT45<>"EX")),"")) | F45: =IF($B45="","",SUMPRODUCT($M$8:$BT$8*($M45:$BT45=""))+COUNTIF($M45:$BT45,"M")) | G45: =IF($B45="","",IFERROR(SUM($M45:$BT45)/SUMPRODUCT($M$7:$BT$7*ISNUMBER($M45:$BT45)),"")) | H45: =IF($B45="","",IFERROR(SUMIFS($M45:$BT45,$M$6:$BT$6,H$9)/SUMPRODUCT(($M$6:$BT$6=H$9)*$M$7:$BT$7*(ISNUMBER($M45:$BT45)+($M45:$BT45="M")+(Setup!$B$9="Yes")*$M$8:$BT$8*($M45:$BT45=""))),"")) | I45: =IF($B45="","",IFERROR(SUMIFS($M45:$BT45,$M$6:$BT$6,I$9)/SUMPRODUCT(($M$6:$BT$6=I$9)*$M$7:$BT$7*(ISNUMBER($M45:$BT45)+($M45:$BT45="M")+(Setup!$B$9="Yes")*$M$8:$BT$8*($M45:$BT45=""))),"")) | J45: =IF($B45="","",IFERROR(SUMIFS($M45:$BT45,$M$6:$BT$6,J$9)/SUMPRODUCT(($M$6:$BT$6=J$9)*$M$7:$BT$7*(ISNUMBER($M45:$BT45)+($M45:$BT45="M")+(Setup!$B$9="Yes")*$M$8:$BT$8*($M45:$BT45=""))),"")) | K45: =IF($B45="","",IFERROR(SUMIFS($M45:$BT45,$M$6:$BT$6,K$9)/SUMPRODUCT(($M$6:$BT$6=K$9)*$M$7:$BT$7*(ISNUMBER($M45:$BT45)+($M45:$BT45="M")+(Setup!$B$9="Yes")*$M$8:$BT$8*($M45:$BT45=""))),"")) | L45: =IF($B45="","",IFERROR(SUMIFS($M45:$BT45,$M$6:$BT$6,L$9)/SUMPRODUCT(($M$6:$BT$6=L$9)*$M$7:$BT$7*(ISNUMBER($M45:$BT45)+($M45:$BT45="M")+(Setup!$B$9="Yes")*$M$8:$BT$8*($M45:$BT45=""))),""))
... A49: 40 | B49: =IF(Roster!B45="","",Roster!B45) | C49: =IF($B49="","",IFERROR(SUMPRODUCT($H$3:$L$3,H49:L49)/SUMPRODUCT($H$3:$L$3,--ISNUMBER(H49:L49)),"")) | D49: =IF(C49="","",VLOOKUP(C49,Setup!$D$12:$E$23,2,TRUE)) | E49: =IF($B49="","",IFERROR(SUMPRODUCT($M$8:$BT$8*ISNUMBER($M49:$BT49))/SUMPRODUCT($M$8:$BT$8*($M49:$BT49<>"EX")),"")) | F49: =IF($B49="","",SUMPRODUCT($M$8:$BT$8*($M49:$BT49=""))+COUNTIF($M49:$BT49,"M")) | G49: =IF($B49="","",IFERROR(SUM($M49:$BT49)/SUMPRODUCT($M$7:$BT$7*ISNUMBER($M49:$BT49)),"")) | H49: =IF($B49="","",IFERROR(SUMIFS($M49:$BT49,$M$6:$BT$6,H$9)/SUMPRODUCT(($M$6:$BT$6=H$9)*$M$7:$BT$7*(ISNUMBER($M49:$BT49)+($M49:$BT49="M")+(Setup!$B$9="Yes")*$M$8:$BT$8*($M49:$BT49=""))),"")) | I49: =IF($B49="","",IFERROR(SUMIFS($M49:$BT49,$M$6:$BT$6,I$9)/SUMPRODUCT(($M$6:$BT$6=I$9)*$M$7:$BT$7*(ISNUMBER($M49:$BT49)+($M49:$BT49="M")+(Setup!$B$9="Yes")*$M$8:$BT$8*($M49:$BT49=""))),"")) | J49: =IF($B49="","",IFERROR(SUMIFS($M49:$BT49,$M$6:$BT$6,J$9)/SUMPRODUCT(($M$6:$BT$6=J$9)*$M$7:$BT$7*(ISNUMBER($M49:$BT49)+($M49:$BT49="M")+(Setup!$B$9="Yes")*$M$8:$BT$8*($M49:$BT49=""))),"")) | K49: =IF($B49="","",IFERROR(SUMIFS($M49:$BT49,$M$6:$BT$6,K$9)/SUMPRODUCT(($M$6:$BT$6=K$9)*$M$7:$BT$7*(ISNUMBER($M49:$BT49)+($M49:$BT49="M")+(Setup!$B$9="Yes")*$M$8:$BT$8*($M49:$BT49=""))),"")) | L49: =IF($B49="","",IFERROR(SUMIFS($M49:$BT49,$M$6:$BT$6,L$9)/SUMPRODUCT(($M$6:$BT$6=L$9)*$M$7:$BT$7*(ISNUMBER($M49:$BT49)+($M49:$BT49="M")+(Setup!$B$9="Yes")*$M$8:$BT$8*($M49:$BT49=""))),""))

Sheet Standings
A1: Standings
A2: Relative view of the class: grade and turn-in rate combined, with rank and percentile.
A4: Performance index = overall grade and submission rate, weighted as on Setup. Rank 1 = highest.
A5: Curved grade is optional: it assigns letters by percentile (see Setup). Use it only if your school allows relative grading.
A7: # | B7: Student | C7: Overall | D7: Turned in | E7: Score % | F7: Perf. index | G7: Rank | H7: Percentile | I7: z-score | J7: Curved | K7: Status | M7: tie | N7: Rank | O7: Student (highest first) | P7: Perf. index | Q7: Percentile | R7: Status
A8: 1 | B8: =Gradebook!B10 | C8: =Gradebook!C10 | D8: =Gradebook!E10 | E8: =Gradebook!G10 | F8: =IF(B8="","",IF(AND(NOT(ISNUMBER(C8)),NOT(ISNUMBER(D8))),"",(IF(ISNUMBER(C8),Setup!$B$22*C8,0)+IF(ISNUMBER(D8),Setup!$B$23*D8,0))/(IF(ISNUMBER(C8),Setup!$B$22,0)+IF(ISNUMBER(D8),Setup!$B$23,0)))) | G8: =IF(ISNUMBER(F8),RANK(F8,$F$8:$F$47,0),"") | H8: =IF(ISNUMBER(F8),IF(COUNT($F$8:$F$47)<=1,1,SUMPRODUCT(--($F$8:$F$47<F8))/(COUNT($F$8:$F$47)-1)),"") | I8: =IF(ISNUMBER(F8),IFERROR((F8-AVERAGE($F$8:$F$47))/STDEVP($F$8:$F$47),0),"") | J8: =IF(ISNUMBER(H8),VLOOKUP(H8,Setup!$G$12:$H$16,2,TRUE),"") | K8: =IF(B8="","",IF(OR(AND(ISNUMBER(C8),C8<Setup!$B$27),AND(ISNUMBER(D8),D8<Setup!$B$28)),"At risk",IF(OR(AND(ISNUMBER(C8),C8<Setup!$B$27+0.1),AND(ISNUMBER(D8),D8<Setup!$B$28+0.1)),"Watch","On track"))) | M8: =IF(ISNUMBER(F8),G8+SUMPRODUCT(--($F$7:F7=F8)),"") | N8: =IF(1>COUNT($F$8:$F$47),"",1) | O8: =IF(N8="","",INDEX($B$8:$B$47,MATCH(N8,$M$8:$M$47,0))) | P8: =IF(N8="","",INDEX($F$8:$F$47,MATCH(N8,$M$8:$M$47,0))) | Q8: =IF(N8="","",INDEX($H$8:$H$47,MATCH(N8,$M$8:$M$47,0))) | R8: =IF(N8="","",INDEX($K$8:$K$47,MATCH(N8,$M$8:$M$47,0)))
A9: 2 | B9: =Gradebook!B11 | C9: =Gradebook!C11 | D9: =Gradebook!E11 | E9: =Gradebook!G11 | F9: =IF(B9="","",IF(AND(NOT(ISNUMBER(C9)),NOT(ISNUMBER(D9))),"",(IF(ISNUMBER(C9),Setup!$B$22*C9,0)+IF(ISNUMBER(D9),Setup!$B$23*D9,0))/(IF(ISNUMBER(C9),Setup!$B$22,0)+IF(ISNUMBER(D9),Setup!$B$23,0)))) | G9: =IF(ISNUMBER(F9),RANK(F9,$F$8:$F$47,0),"") | H9: =IF(ISNUMBER(F9),IF(COUNT($F$8:$F$47)<=1,1,SUMPRODUCT(--($F$8:$F$47<F9))/(COUNT($F$8:$F$47)-1)),"") | I9: =IF(ISNUMBER(F9),IFERROR((F9-AVERAGE($F$8:$F$47))/STDEVP($F$8:$F$47),0),"") | J9: =IF(ISNUMBER(H9),VLOOKUP(H9,Setup!$G$12:$H$16,2,TRUE),"") | K9: =IF(B9="","",IF(OR(AND(ISNUMBER(C9),C9<Setup!$B$27),AND(ISNUMBER(D9),D9<Setup!$B$28)),"At risk",IF(OR(AND(ISNUMBER(C9),C9<Setup!$B$27+0.1),AND(ISNUMBER(D9),D9<Setup!$B$28+0.1)),"Watch","On track"))) | M9: =IF(ISNUMBER(F9),G9+SUMPRODUCT(--($F$7:F8=F9)),"") | N9: =IF(2>COUNT($F$8:$F$47),"",2) | O9: =IF(N9="","",INDEX($B$8:$B$47,MATCH(N9,$M$8:$M$47,0))) | P9: =IF(N9="","",INDEX($F$8:$F$47,MATCH(N9,$M$8:$M$47,0))) | Q9: =IF(N9="","",INDEX($H$8:$H$47,MATCH(N9,$M$8:$M$47,0))) | R9: =IF(N9="","",INDEX($K$8:$K$47,MATCH(N9,$M$8:$M$47,0)))
A10: 3 | B10: =Gradebook!B12 | C10: =Gradebook!C12 | D10: =Gradebook!E12 | E10: =Gradebook!G12 | F10: =IF(B10="","",IF(AND(NOT(ISNUMBER(C10)),NOT(ISNUMBER(D10))),"",(IF(ISNUMBER(C10),Setup!$B$22*C10,0)+IF(ISNUMBER(D10),Setup!$B$23*D10,0))/(IF(ISNUMBER(C10),Setup!$B$22,0)+IF(ISNUMBER(D10),Setup!$B$23,0)))) | G10: =IF(ISNUMBER(F10),RANK(F10,$F$8:$F$47,0),"") | H10: =IF(ISNUMBER(F10),IF(COUNT($F$8:$F$47)<=1,1,SUMPRODUCT(--($F$8:$F$47<F10))/(COUNT($F$8:$F$47)-1)),"") | I10: =IF(ISNUMBER(F10),IFERROR((F10-AVERAGE($F$8:$F$47))/STDEVP($F$8:$F$47),0),"") | J10: =IF(ISNUMBER(H10),VLOOKUP(H10,Setup!$G$12:$H$16,2,TRUE),"") | K10: =IF(B10="","",IF(OR(AND(ISNUMBER(C10),C10<Setup!$B$27),AND(ISNUMBER(D10),D10<Setup!$B$28)),"At risk",IF(OR(AND(ISNUMBER(C10),C10<Setup!$B$27+0.1),AND(ISNUMBER(D10),D10<Setup!$B$28+0.1)),"Watch","On track"))) | M10: =IF(ISNUMBER(F10),G10+SUMPRODUCT(--($F$7:F9=F10)),"") | N10: =IF(3>COUNT($F$8:$F$47),"",3) | O10: =IF(N10="","",INDEX($B$8:$B$47,MATCH(N10,$M$8:$M$47,0))) | P10: =IF(N10="","",INDEX($F$8:$F$47,MATCH(N10,$M$8:$M$47,0))) | Q10: =IF(N10="","",INDEX($H$8:$H$47,MATCH(N10,$M$8:$M$47,0))) | R10: =IF(N10="","",INDEX($K$8:$K$47,MATCH(N10,$M$8:$M$47,0)))
A11: 4 | B11: =Gradebook!B13 | C11: =Gradebook!C13 | D11: =Gradebook!E13 | E11: =Gradebook!G13 | F11: =IF(B11="","",IF(AND(NOT(ISNUMBER(C11)),NOT(ISNUMBER(D11))),"",(IF(ISNUMBER(C11),Setup!$B$22*C11,0)+IF(ISNUMBER(D11),Setup!$B$23*D11,0))/(IF(ISNUMBER(C11),Setup!$B$22,0)+IF(ISNUMBER(D11),Setup!$B$23,0)))) | G11: =IF(ISNUMBER(F11),RANK(F11,$F$8:$F$47,0),"") | H11: =IF(ISNUMBER(F11),IF(COUNT($F$8:$F$47)<=1,1,SUMPRODUCT(--($F$8:$F$47<F11))/(COUNT($F$8:$F$47)-1)),"") | I11: =IF(ISNUMBER(F11),IFERROR((F11-AVERAGE($F$8:$F$47))/STDEVP($F$8:$F$47),0),"") | J11: =IF(ISNUMBER(H11),VLOOKUP(H11,Setup!$G$12:$H$16,2,TRUE),"") | K11: =IF(B11="","",IF(OR(AND(ISNUMBER(C11),C11<Setup!$B$27),AND(ISNUMBER(D11),D11<Setup!$B$28)),"At risk",IF(OR(AND(ISNUMBER(C11),C11<Setup!$B$27+0.1),AND(ISNUMBER(D11),D11<Setup!$B$28+0.1)),"Watch","On track"))) | M11: =IF(ISNUMBER(F11),G11+SUMPRODUCT(--($F$7:F10=F11)),"") | N11: =IF(4>COUNT($F$8:$F$47),"",4) | O11: =IF(N11="","",INDEX($B$8:$B$47,MATCH(N11,$M$8:$M$47,0))) | P11: =IF(N11="","",INDEX($F$8:$F$47,MATCH(N11,$M$8:$M$47,0))) | Q11: =IF(N11="","",INDEX($H$8:$H$47,MATCH(N11,$M$8:$M$47,0))) | R11: =IF(N11="","",INDEX($K$8:$K$47,MATCH(N11,$M$8:$M$47,0)))
A12: 5 | B12: =Gradebook!B14 | C12: =Gradebook!C14 | D12: =Gradebook!E14 | E12: =Gradebook!G14 | F12: =IF(B12="","",IF(AND(NOT(ISNUMBER(C12)),NOT(ISNUMBER(D12))),"",(IF(ISNUMBER(C12),Setup!$B$22*C12,0)+IF(ISNUMBER(D12),Setup!$B$23*D12,0))/(IF(ISNUMBER(C12),Setup!$B$22,0)+IF(ISNUMBER(D12),Setup!$B$23,0)))) | G12: =IF(ISNUMBER(F12),RANK(F12,$F$8:$F$47,0),"") | H12: =IF(ISNUMBER(F12),IF(COUNT($F$8:$F$47)<=1,1,SUMPRODUCT(--($F$8:$F$47<F12))/(COUNT($F$8:$F$47)-1)),"") | I12: =IF(ISNUMBER(F12),IFERROR((F12-AVERAGE($F$8:$F$47))/STDEVP($F$8:$F$47),0),"") | J12: =IF(ISNUMBER(H12),VLOOKUP(H12,Setup!$G$12:$H$16,2,TRUE),"") | K12: =IF(B12="","",IF(OR(AND(ISNUMBER(C12),C12<Setup!$B$27),AND(ISNUMBER(D12),D12<Setup!$B$28)),"At risk",IF(OR(AND(ISNUMBER(C12),C12<Setup!$B$27+0.1),AND(ISNUMBER(D12),D12<Setup!$B$28+0.1)),"Watch","On track"))) | M12: =IF(ISNUMBER(F12),G12+SUMPRODUCT(--($F$7:F11=F12)),"") | N12: =IF(5>COUNT($F$8:$F$47),"",5) | O12: =IF(N12="","",INDEX($B$8:$B$47,MATCH(N12,$M$8:$M$47,0))) | P12: =IF(N12="","",INDEX($F$8:$F$47,MATCH(N12,$M$8:$M$47,0))) | Q12: =IF(N12="","",INDEX($H$8:$H$47,MATCH(N12,$M$8:$M$47,0))) | R12: =IF(N12="","",INDEX($K$8:$K$47,MATCH(N12,$M$8:$M$47,0)))
A13: 6 | B13: =Gradebook!B15 | C13: =Gradebook!C15 | D13: =Gradebook!E15 | E13: =Gradebook!G15 | F13: =IF(B13="","",IF(AND(NOT(ISNUMBER(C13)),NOT(ISNUMBER(D13))),"",(IF(ISNUMBER(C13),Setup!$B$22*C13,0)+IF(ISNUMBER(D13),Setup!$B$23*D13,0))/(IF(ISNUMBER(C13),Setup!$B$22,0)+IF(ISNUMBER(D13),Setup!$B$23,0)))) | G13: =IF(ISNUMBER(F13),RANK(F13,$F$8:$F$47,0),"") | H13: =IF(ISNUMBER(F13),IF(COUNT($F$8:$F$47)<=1,1,SUMPRODUCT(--($F$8:$F$47<F13))/(COUNT($F$8:$F$47)-1)),"") | I13: =IF(ISNUMBER(F13),IFERROR((F13-AVERAGE($F$8:$F$47))/STDEVP($F$8:$F$47),0),"") | J13: =IF(ISNUMBER(H13),VLOOKUP(H13,Setup!$G$12:$H$16,2,TRUE),"") | K13: =IF(B13="","",IF(OR(AND(ISNUMBER(C13),C13<Setup!$B$27),AND(ISNUMBER(D13),D13<Setup!$B$28)),"At risk",IF(OR(AND(ISNUMBER(C13),C13<Setup!$B$27+0.1),AND(ISNUMBER(D13),D13<Setup!$B$28+0.1)),"Watch","On track"))) | M13: =IF(ISNUMBER(F13),G13+SUMPRODUCT(--($F$7:F12=F13)),"") | N13: =IF(6>COUNT($F$8:$F$47),"",6) | O13: =IF(N13="","",INDEX($B$8:$B$47,MATCH(N13,$M$8:$M$47,0))) | P13: =IF(N13="","",INDEX($F$8:$F$47,MATCH(N13,$M$8:$M$47,0))) | Q13: =IF(N13="","",INDEX($H$8:$H$47,MATCH(N13,$M$8:$M$47,0))) | R13: =IF(N13="","",INDEX($K$8:$K$47,MATCH(N13,$M$8:$M$47,0)))
A14: 7 | B14: =Gradebook!B16 | C14: =Gradebook!C16 | D14: =Gradebook!E16 | E14: =Gradebook!G16 | F14: =IF(B14="","",IF(AND(NOT(ISNUMBER(C14)),NOT(ISNUMBER(D14))),"",(IF(ISNUMBER(C14),Setup!$B$22*C14,0)+IF(ISNUMBER(D14),Setup!$B$23*D14,0))/(IF(ISNUMBER(C14),Setup!$B$22,0)+IF(ISNUMBER(D14),Setup!$B$23,0)))) | G14: =IF(ISNUMBER(F14),RANK(F14,$F$8:$F$47,0),"") | H14: =IF(ISNUMBER(F14),IF(COUNT($F$8:$F$47)<=1,1,SUMPRODUCT(--($F$8:$F$47<F14))/(COUNT($F$8:$F$47)-1)),"") | I14: =IF(ISNUMBER(F14),IFERROR((F14-AVERAGE($F$8:$F$47))/STDEVP($F$8:$F$47),0),"") | J14: =IF(ISNUMBER(H14),VLOOKUP(H14,Setup!$G$12:$H$16,2,TRUE),"") | K14: =IF(B14="","",IF(OR(AND(ISNUMBER(C14),C14<Setup!$B$27),AND(ISNUMBER(D14),D14<Setup!$B$28)),"At risk",IF(OR(AND(ISNUMBER(C14),C14<Setup!$B$27+0.1),AND(ISNUMBER(D14),D14<Setup!$B$28+0.1)),"Watch","On track"))) | M14: =IF(ISNUMBER(F14),G14+SUMPRODUCT(--($F$7:F13=F14)),"") | N14: =IF(7>COUNT($F$8:$F$47),"",7) | O14: =IF(N14="","",INDEX($B$8:$B$47,MATCH(N14,$M$8:$M$47,0))) | P14: =IF(N14="","",INDEX($F$8:$F$47,MATCH(N14,$M$8:$M$47,0))) | Q14: =IF(N14="","",INDEX($H$8:$H$47,MATCH(N14,$M$8:$M$47,0))) | R14: =IF(N14="","",INDEX($K$8:$K$47,MATCH(N14,$M$8:$M$47,0)))
A15: 8 | B15: =Gradebook!B17 | C15: =Gradebook!C17 | D15: =Gradebook!E17 | E15: =Gradebook!G17 | F15: =IF(B15="","",IF(AND(NOT(ISNUMBER(C15)),NOT(ISNUMBER(D15))),"",(IF(ISNUMBER(C15),Setup!$B$22*C15,0)+IF(ISNUMBER(D15),Setup!$B$23*D15,0))/(IF(ISNUMBER(C15),Setup!$B$22,0)+IF(ISNUMBER(D15),Setup!$B$23,0)))) | G15: =IF(ISNUMBER(F15),RANK(F15,$F$8:$F$47,0),"") | H15: =IF(ISNUMBER(F15),IF(COUNT($F$8:$F$47)<=1,1,SUMPRODUCT(--($F$8:$F$47<F15))/(COUNT($F$8:$F$47)-1)),"") | I15: =IF(ISNUMBER(F15),IFERROR((F15-AVERAGE($F$8:$F$47))/STDEVP($F$8:$F$47),0),"") | J15: =IF(ISNUMBER(H15),VLOOKUP(H15,Setup!$G$12:$H$16,2,TRUE),"") | K15: =IF(B15="","",IF(OR(AND(ISNUMBER(C15),C15<Setup!$B$27),AND(ISNUMBER(D15),D15<Setup!$B$28)),"At risk",IF(OR(AND(ISNUMBER(C15),C15<Setup!$B$27+0.1),AND(ISNUMBER(D15),D15<Setup!$B$28+0.1)),"Watch","On track"))) | M15: =IF(ISNUMBER(F15),G15+SUMPRODUCT(--($F$7:F14=F15)),"") | N15: =IF(8>COUNT($F$8:$F$47),"",8) | O15: =IF(N15="","",INDEX($B$8:$B$47,MATCH(N15,$M$8:$M$47,0))) | P15: =IF(N15="","",INDEX($F$8:$F$47,MATCH(N15,$M$8:$M$47,0))) | Q15: =IF(N15="","",INDEX($H$8:$H$47,MATCH(N15,$M$8:$M$47,0))) | R15: =IF(N15="","",INDEX($K$8:$K$47,MATCH(N15,$M$8:$M$47,0)))
A16: 9 | B16: =Gradebook!B18 | C16: =Gradebook!C18 | D16: =Gradebook!E18 | E16: =Gradebook!G18 | F16: =IF(B16="","",IF(AND(NOT(ISNUMBER(C16)),NOT(ISNUMBER(D16))),"",(IF(ISNUMBER(C16),Setup!$B$22*C16,0)+IF(ISNUMBER(D16),Setup!$B$23*D16,0))/(IF(ISNUMBER(C16),Setup!$B$22,0)+IF(ISNUMBER(D16),Setup!$B$23,0)))) | G16: =IF(ISNUMBER(F16),RANK(F16,$F$8:$F$47,0),"") | H16: =IF(ISNUMBER(F16),IF(COUNT($F$8:$F$47)<=1,1,SUMPRODUCT(--($F$8:$F$47<F16))/(COUNT($F$8:$F$47)-1)),"") | I16: =IF(ISNUMBER(F16),IFERROR((F16-AVERAGE($F$8:$F$47))/STDEVP($F$8:$F$47),0),"") | J16: =IF(ISNUMBER(H16),VLOOKUP(H16,Setup!$G$12:$H$16,2,TRUE),"") | K16: =IF(B16="","",IF(OR(AND(ISNUMBER(C16),C16<Setup!$B$27),AND(ISNUMBER(D16),D16<Setup!$B$28)),"At risk",IF(OR(AND(ISNUMBER(C16),C16<Setup!$B$27+0.1),AND(ISNUMBER(D16),D16<Setup!$B$28+0.1)),"Watch","On track"))) | M16: =IF(ISNUMBER(F16),G16+SUMPRODUCT(--($F$7:F15=F16)),"") | N16: =IF(9>COUNT($F$8:$F$47),"",9) | O16: =IF(N16="","",INDEX($B$8:$B$47,MATCH(N16,$M$8:$M$47,0))) | P16: =IF(N16="","",INDEX($F$8:$F$47,MATCH(N16,$M$8:$M$47,0))) | Q16: =IF(N16="","",INDEX($H$8:$H$47,MATCH(N16,$M$8:$M$47,0))) | R16: =IF(N16="","",INDEX($K$8:$K$47,MATCH(N16,$M$8:$M$47,0)))
A17: 10 | B17: =Gradebook!B19 | C17: =Gradebook!C19 | D17: =Gradebook!E19 | E17: =Gradebook!G19 | F17: =IF(B17="","",IF(AND(NOT(ISNUMBER(C17)),NOT(ISNUMBER(D17))),"",(IF(ISNUMBER(C17),Setup!$B$22*C17,0)+IF(ISNUMBER(D17),Setup!$B$23*D17,0))/(IF(ISNUMBER(C17),Setup!$B$22,0)+IF(ISNUMBER(D17),Setup!$B$23,0)))) | G17: =IF(ISNUMBER(F17),RANK(F17,$F$8:$F$47,0),"") | H17: =IF(ISNUMBER(F17),IF(COUNT($F$8:$F$47)<=1,1,SUMPRODUCT(--($F$8:$F$47<F17))/(COUNT($F$8:$F$47)-1)),"") | I17: =IF(ISNUMBER(F17),IFERROR((F17-AVERAGE($F$8:$F$47))/STDEVP($F$8:$F$47),0),"") | J17: =IF(ISNUMBER(H17),VLOOKUP(H17,Setup!$G$12:$H$16,2,TRUE),"") | K17: =IF(B17="","",IF(OR(AND(ISNUMBER(C17),C17<Setup!$B$27),AND(ISNUMBER(D17),D17<Setup!$B$28)),"At risk",IF(OR(AND(ISNUMBER(C17),C17<Setup!$B$27+0.1),AND(ISNUMBER(D17),D17<Setup!$B$28+0.1)),"Watch","On track"))) | M17: =IF(ISNUMBER(F17),G17+SUMPRODUCT(--($F$7:F16=F17)),"") | N17: =IF(10>COUNT($F$8:$F$47),"",10) | O17: =IF(N17="","",INDEX($B$8:$B$47,MATCH(N17,$M$8:$M$47,0))) | P17: =IF(N17="","",INDEX($F$8:$F$47,MATCH(N17,$M$8:$M$47,0))) | Q17: =IF(N17="","",INDEX($H$8:$H$47,MATCH(N17,$M$8:$M$47,0))) | R17: =IF(N17="","",INDEX($K$8:$K$47,MATCH(N17,$M$8:$M$47,0)))
A18: 11 | B18: =Gradebook!B20 | C18: =Gradebook!C20 | D18: =Gradebook!E20 | E18: =Gradebook!G20 | F18: =IF(B18="","",IF(AND(NOT(ISNUMBER(C18)),NOT(ISNUMBER(D18))),"",(IF(ISNUMBER(C18),Setup!$B$22*C18,0)+IF(ISNUMBER(D18),Setup!$B$23*D18,0))/(IF(ISNUMBER(C18),Setup!$B$22,0)+IF(ISNUMBER(D18),Setup!$B$23,0)))) | G18: =IF(ISNUMBER(F18),RANK(F18,$F$8:$F$47,0),"") | H18: =IF(ISNUMBER(F18),IF(COUNT($F$8:$F$47)<=1,1,SUMPRODUCT(--($F$8:$F$47<F18))/(COUNT($F$8:$F$47)-1)),"") | I18: =IF(ISNUMBER(F18),IFERROR((F18-AVERAGE($F$8:$F$47))/STDEVP($F$8:$F$47),0),"") | J18: =IF(ISNUMBER(H18),VLOOKUP(H18,Setup!$G$12:$H$16,2,TRUE),"") | K18: =IF(B18="","",IF(OR(AND(ISNUMBER(C18),C18<Setup!$B$27),AND(ISNUMBER(D18),D18<Setup!$B$28)),"At risk",IF(OR(AND(ISNUMBER(C18),C18<Setup!$B$27+0.1),AND(ISNUMBER(D18),D18<Setup!$B$28+0.1)),"Watch","On track"))) | M18: =IF(ISNUMBER(F18),G18+SUMPRODUCT(--($F$7:F17=F18)),"") | N18: =IF(11>COUNT($F$8:$F$47),"",11) | O18: =IF(N18="","",INDEX($B$8:$B$47,MATCH(N18,$M$8:$M$47,0))) | P18: =IF(N18="","",INDEX($F$8:$F$47,MATCH(N18,$M$8:$M$47,0))) | Q18: =IF(N18="","",INDEX($H$8:$H$47,MATCH(N18,$M$8:$M$47,0))) | R18: =IF(N18="","",INDEX($K$8:$K$47,MATCH(N18,$M$8:$M$47,0)))
A19: 12 | B19: =Gradebook!B21 | C19: =Gradebook!C21 | D19: =Gradebook!E21 | E19: =Gradebook!G21 | F19: =IF(B19="","",IF(AND(NOT(ISNUMBER(C19)),NOT(ISNUMBER(D19))),"",(IF(ISNUMBER(C19),Setup!$B$22*C19,0)+IF(ISNUMBER(D19),Setup!$B$23*D19,0))/(IF(ISNUMBER(C19),Setup!$B$22,0)+IF(ISNUMBER(D19),Setup!$B$23,0)))) | G19: =IF(ISNUMBER(F19),RANK(F19,$F$8:$F$47,0),"") | H19: =IF(ISNUMBER(F19),IF(COUNT($F$8:$F$47)<=1,1,SUMPRODUCT(--($F$8:$F$47<F19))/(COUNT($F$8:$F$47)-1)),"") | I19: =IF(ISNUMBER(F19),IFERROR((F19-AVERAGE($F$8:$F$47))/STDEVP($F$8:$F$47),0),"") | J19: =IF(ISNUMBER(H19),VLOOKUP(H19,Setup!$G$12:$H$16,2,TRUE),"") | K19: =IF(B19="","",IF(OR(AND(ISNUMBER(C19),C19<Setup!$B$27),AND(ISNUMBER(D19),D19<Setup!$B$28)),"At risk",IF(OR(AND(ISNUMBER(C19),C19<Setup!$B$27+0.1),AND(ISNUMBER(D19),D19<Setup!$B$28+0.1)),"Watch","On track"))) | M19: =IF(ISNUMBER(F19),G19+SUMPRODUCT(--($F$7:F18=F19)),"") | N19: =IF(12>COUNT($F$8:$F$47),"",12) | O19: =IF(N19="","",INDEX($B$8:$B$47,MATCH(N19,$M$8:$M$47,0))) | P19: =IF(N19="","",INDEX($F$8:$F$47,MATCH(N19,$M$8:$M$47,0))) | Q19: =IF(N19="","",INDEX($H$8:$H$47,MATCH(N19,$M$8:$M$47,0))) | R19: =IF(N19="","",INDEX($K$8:$K$47,MATCH(N19,$M$8:$M$47,0)))
A20: 13 | B20: =Gradebook!B22 | C20: =Gradebook!C22 | D20: =Gradebook!E22 | E20: =Gradebook!G22 | F20: =IF(B20="","",IF(AND(NOT(ISNUMBER(C20)),NOT(ISNUMBER(D20))),"",(IF(ISNUMBER(C20),Setup!$B$22*C20,0)+IF(ISNUMBER(D20),Setup!$B$23*D20,0))/(IF(ISNUMBER(C20),Setup!$B$22,0)+IF(ISNUMBER(D20),Setup!$B$23,0)))) | G20: =IF(ISNUMBER(F20),RANK(F20,$F$8:$F$47,0),"") | H20: =IF(ISNUMBER(F20),IF(COUNT($F$8:$F$47)<=1,1,SUMPRODUCT(--($F$8:$F$47<F20))/(COUNT($F$8:$F$47)-1)),"") | I20: =IF(ISNUMBER(F20),IFERROR((F20-AVERAGE($F$8:$F$47))/STDEVP($F$8:$F$47),0),"") | J20: =IF(ISNUMBER(H20),VLOOKUP(H20,Setup!$G$12:$H$16,2,TRUE),"") | K20: =IF(B20="","",IF(OR(AND(ISNUMBER(C20),C20<Setup!$B$27),AND(ISNUMBER(D20),D20<Setup!$B$28)),"At risk",IF(OR(AND(ISNUMBER(C20),C20<Setup!$B$27+0.1),AND(ISNUMBER(D20),D20<Setup!$B$28+0.1)),"Watch","On track"))) | M20: =IF(ISNUMBER(F20),G20+SUMPRODUCT(--($F$7:F19=F20)),"") | N20: =IF(13>COUNT($F$8:$F$47),"",13) | O20: =IF(N20="","",INDEX($B$8:$B$47,MATCH(N20,$M$8:$M$47,0))) | P20: =IF(N20="","",INDEX($F$8:$F$47,MATCH(N20,$M$8:$M$47,0))) | Q20: =IF(N20="","",INDEX($H$8:$H$47,MATCH(N20,$M$8:$M$47,0))) | R20: =IF(N20="","",INDEX($K$8:$K$47,MATCH(N20,$M$8:$M$47,0)))
A21: 14 | B21: =Gradebook!B23 | C21: =Gradebook!C23 | D21: =Gradebook!E23 | E21: =Gradebook!G23 | F21: =IF(B21="","",IF(AND(NOT(ISNUMBER(C21)),NOT(ISNUMBER(D21))),"",(IF(ISNUMBER(C21),Setup!$B$22*C21,0)+IF(ISNUMBER(D21),Setup!$B$23*D21,0))/(IF(ISNUMBER(C21),Setup!$B$22,0)+IF(ISNUMBER(D21),Setup!$B$23,0)))) | G21: =IF(ISNUMBER(F21),RANK(F21,$F$8:$F$47,0),"") | H21: =IF(ISNUMBER(F21),IF(COUNT($F$8:$F$47)<=1,1,SUMPRODUCT(--($F$8:$F$47<F21))/(COUNT($F$8:$F$47)-1)),"") | I21: =IF(ISNUMBER(F21),IFERROR((F21-AVERAGE($F$8:$F$47))/STDEVP($F$8:$F$47),0),"") | J21: =IF(ISNUMBER(H21),VLOOKUP(H21,Setup!$G$12:$H$16,2,TRUE),"") | K21: =IF(B21="","",IF(OR(AND(ISNUMBER(C21),C21<Setup!$B$27),AND(ISNUMBER(D21),D21<Setup!$B$28)),"At risk",IF(OR(AND(ISNUMBER(C21),C21<Setup!$B$27+0.1),AND(ISNUMBER(D21),D21<Setup!$B$28+0.1)),"Watch","On track"))) | M21: =IF(ISNUMBER(F21),G21+SUMPRODUCT(--($F$7:F20=F21)),"") | N21: =IF(14>COUNT($F$8:$F$47),"",14) | O21: =IF(N21="","",INDEX($B$8:$B$47,MATCH(N21,$M$8:$M$47,0))) | P21: =IF(N21="","",INDEX($F$8:$F$47,MATCH(N21,$M$8:$M$47,0))) | Q21: =IF(N21="","",INDEX($H$8:$H$47,MATCH(N21,$M$8:$M$47,0))) | R21: =IF(N21="","",INDEX($K$8:$K$47,MATCH(N21,$M$8:$M$47,0)))
A22: 15 | B22: =Gradebook!B24 | C22: =Gradebook!C24 | D22: =Gradebook!E24 | E22: =Gradebook!G24 | F22: =IF(B22="","",IF(AND(NOT(ISNUMBER(C22)),NOT(ISNUMBER(D22))),"",(IF(ISNUMBER(C22),Setup!$B$22*C22,0)+IF(ISNUMBER(D22),Setup!$B$23*D22,0))/(IF(ISNUMBER(C22),Setup!$B$22,0)+IF(ISNUMBER(D22),Setup!$B$23,0)))) | G22: =IF(ISNUMBER(F22),RANK(F22,$F$8:$F$47,0),"") | H22: =IF(ISNUMBER(F22),IF(COUNT($F$8:$F$47)<=1,1,SUMPRODUCT(--($F$8:$F$47<F22))/(COUNT($F$8:$F$47)-1)),"") | I22: =IF(ISNUMBER(F22),IFERROR((F22-AVERAGE($F$8:$F$47))/STDEVP($F$8:$F$47),0),"") | J22: =IF(ISNUMBER(H22),VLOOKUP(H22,Setup!$G$12:$H$16,2,TRUE),"") | K22: =IF(B22="","",IF(OR(AND(ISNUMBER(C22),C22<Setup!$B$27),AND(ISNUMBER(D22),D22<Setup!$B$28)),"At risk",IF(OR(AND(ISNUMBER(C22),C22<Setup!$B$27+0.1),AND(ISNUMBER(D22),D22<Setup!$B$28+0.1)),"Watch","On track"))) | M22: =IF(ISNUMBER(F22),G22+SUMPRODUCT(--($F$7:F21=F22)),"") | N22: =IF(15>COUNT($F$8:$F$47),"",15) | O22: =IF(N22="","",INDEX($B$8:$B$47,MATCH(N22,$M$8:$M$47,0))) | P22: =IF(N22="","",INDEX($F$8:$F$47,MATCH(N22,$M$8:$M$47,0))) | Q22: =IF(N22="","",INDEX($H$8:$H$47,MATCH(N22,$M$8:$M$47,0))) | R22: =IF(N22="","",INDEX($K$8:$K$47,MATCH(N22,$M$8:$M$47,0)))
A23: 16 | B23: =Gradebook!B25 | C23: =Gradebook!C25 | D23: =Gradebook!E25 | E23: =Gradebook!G25 | F23: =IF(B23="","",IF(AND(NOT(ISNUMBER(C23)),NOT(ISNUMBER(D23))),"",(IF(ISNUMBER(C23),Setup!$B$22*C23,0)+IF(ISNUMBER(D23),Setup!$B$23*D23,0))/(IF(ISNUMBER(C23),Setup!$B$22,0)+IF(ISNUMBER(D23),Setup!$B$23,0)))) | G23: =IF(ISNUMBER(F23),RANK(F23,$F$8:$F$47,0),"") | H23: =IF(ISNUMBER(F23),IF(COUNT($F$8:$F$47)<=1,1,SUMPRODUCT(--($F$8:$F$47<F23))/(COUNT($F$8:$F$47)-1)),"") | I23: =IF(ISNUMBER(F23),IFERROR((F23-AVERAGE($F$8:$F$47))/STDEVP($F$8:$F$47),0),"") | J23: =IF(ISNUMBER(H23),VLOOKUP(H23,Setup!$G$12:$H$16,2,TRUE),"") | K23: =IF(B23="","",IF(OR(AND(ISNUMBER(C23),C23<Setup!$B$27),AND(ISNUMBER(D23),D23<Setup!$B$28)),"At risk",IF(OR(AND(ISNUMBER(C23),C23<Setup!$B$27+0.1),AND(ISNUMBER(D23),D23<Setup!$B$28+0.1)),"Watch","On track"))) | M23: =IF(ISNUMBER(F23),G23+SUMPRODUCT(--($F$7:F22=F23)),"") | N23: =IF(16>COUNT($F$8:$F$47),"",16) | O23: =IF(N23="","",INDEX($B$8:$B$47,MATCH(N23,$M$8:$M$47,0))) | P23: =IF(N23="","",INDEX($F$8:$F$47,MATCH(N23,$M$8:$M$47,0))) | Q23: =IF(N23="","",INDEX($H$8:$H$47,MATCH(N23,$M$8:$M$47,0))) | R23: =IF(N23="","",INDEX($K$8:$K$47,MATCH(N23,$M$8:$M$47,0)))
A24: 17 | B24: =Gradebook!B26 | C24: =Gradebook!C26 | D24: =Gradebook!E26 | E24: =Gradebook!G26 | F24: =IF(B24="","",IF(AND(NOT(ISNUMBER(C24)),NOT(ISNUMBER(D24))),"",(IF(ISNUMBER(C24),Setup!$B$22*C24,0)+IF(ISNUMBER(D24),Setup!$B$23*D24,0))/(IF(ISNUMBER(C24),Setup!$B$22,0)+IF(ISNUMBER(D24),Setup!$B$23,0)))) | G24: =IF(ISNUMBER(F24),RANK(F24,$F$8:$F$47,0),"") | H24: =IF(ISNUMBER(F24),IF(COUNT($F$8:$F$47)<=1,1,SUMPRODUCT(--($F$8:$F$47<F24))/(COUNT($F$8:$F$47)-1)),"") | I24: =IF(ISNUMBER(F24),IFERROR((F24-AVERAGE($F$8:$F$47))/STDEVP($F$8:$F$47),0),"") | J24: =IF(ISNUMBER(H24),VLOOKUP(H24,Setup!$G$12:$H$16,2,TRUE),"") | K24: =IF(B24="","",IF(OR(AND(ISNUMBER(C24),C24<Setup!$B$27),AND(ISNUMBER(D24),D24<Setup!$B$28)),"At risk",IF(OR(AND(ISNUMBER(C24),C24<Setup!$B$27+0.1),AND(ISNUMBER(D24),D24<Setup!$B$28+0.1)),"Watch","On track"))) | M24: =IF(ISNUMBER(F24),G24+SUMPRODUCT(--($F$7:F23=F24)),"") | N24: =IF(17>COUNT($F$8:$F$47),"",17) | O24: =IF(N24="","",INDEX($B$8:$B$47,MATCH(N24,$M$8:$M$47,0))) | P24: =IF(N24="","",INDEX($F$8:$F$47,MATCH(N24,$M$8:$M$47,0))) | Q24: =IF(N24="","",INDEX($H$8:$H$47,MATCH(N24,$M$8:$M$47,0))) | R24: =IF(N24="","",INDEX($K$8:$K$47,MATCH(N24,$M$8:$M$47,0)))
A25: 18 | B25: =Gradebook!B27 | C25: =Gradebook!C27 | D25: =Gradebook!E27 | E25: =Gradebook!G27 | F25: =IF(B25="","",IF(AND(NOT(ISNUMBER(C25)),NOT(ISNUMBER(D25))),"",(IF(ISNUMBER(C25),Setup!$B$22*C25,0)+IF(ISNUMBER(D25),Setup!$B$23*D25,0))/(IF(ISNUMBER(C25),Setup!$B$22,0)+IF(ISNUMBER(D25),Setup!$B$23,0)))) | G25: =IF(ISNUMBER(F25),RANK(F25,$F$8:$F$47,0),"") | H25: =IF(ISNUMBER(F25),IF(COUNT($F$8:$F$47)<=1,1,SUMPRODUCT(--($F$8:$F$47<F25))/(COUNT($F$8:$F$47)-1)),"") | I25: =IF(ISNUMBER(F25),IFERROR((F25-AVERAGE($F$8:$F$47))/STDEVP($F$8:$F$47),0),"") | J25: =IF(ISNUMBER(H25),VLOOKUP(H25,Setup!$G$12:$H$16,2,TRUE),"") | K25: =IF(B25="","",IF(OR(AND(ISNUMBER(C25),C25<Setup!$B$27),AND(ISNUMBER(D25),D25<Setup!$B$28)),"At risk",IF(OR(AND(ISNUMBER(C25),C25<Setup!$B$27+0.1),AND(ISNUMBER(D25),D25<Setup!$B$28+0.1)),"Watch","On track"))) | M25: =IF(ISNUMBER(F25),G25+SUMPRODUCT(--($F$7:F24=F25)),"") | N25: =IF(18>COUNT($F$8:$F$47),"",18) | O25: =IF(N25="","",INDEX($B$8:$B$47,MATCH(N25,$M$8:$M$47,0))) | P25: =IF(N25="","",INDEX($F$8:$F$47,MATCH(N25,$M$8:$M$47,0))) | Q25: =IF(N25="","",INDEX($H$8:$H$47,MATCH(N25,$M$8:$M$47,0))) | R25: =IF(N25="","",INDEX($K$8:$K$47,MATCH(N25,$M$8:$M$47,0)))
A26: 19 | B26: =Gradebook!B28 | C26: =Gradebook!C28 | D26: =Gradebook!E28 | E26: =Gradebook!G28 | F26: =IF(B26="","",IF(AND(NOT(ISNUMBER(C26)),NOT(ISNUMBER(D26))),"",(IF(ISNUMBER(C26),Setup!$B$22*C26,0)+IF(ISNUMBER(D26),Setup!$B$23*D26,0))/(IF(ISNUMBER(C26),Setup!$B$22,0)+IF(ISNUMBER(D26),Setup!$B$23,0)))) | G26: =IF(ISNUMBER(F26),RANK(F26,$F$8:$F$47,0),"") | H26: =IF(ISNUMBER(F26),IF(COUNT($F$8:$F$47)<=1,1,SUMPRODUCT(--($F$8:$F$47<F26))/(COUNT($F$8:$F$47)-1)),"") | I26: =IF(ISNUMBER(F26),IFERROR((F26-AVERAGE($F$8:$F$47))/STDEVP($F$8:$F$47),0),"") | J26: =IF(ISNUMBER(H26),VLOOKUP(H26,Setup!$G$12:$H$16,2,TRUE),"") | K26: =IF(B26="","",IF(OR(AND(ISNUMBER(C26),C26<Setup!$B$27),AND(ISNUMBER(D26),D26<Setup!$B$28)),"At risk",IF(OR(AND(ISNUMBER(C26),C26<Setup!$B$27+0.1),AND(ISNUMBER(D26),D26<Setup!$B$28+0.1)),"Watch","On track"))) | M26: =IF(ISNUMBER(F26),G26+SUMPRODUCT(--($F$7:F25=F26)),"") | N26: =IF(19>COUNT($F$8:$F$47),"",19) | O26: =IF(N26="","",INDEX($B$8:$B$47,MATCH(N26,$M$8:$M$47,0))) | P26: =IF(N26="","",INDEX($F$8:$F$47,MATCH(N26,$M$8:$M$47,0))) | Q26: =IF(N26="","",INDEX($H$8:$H$47,MATCH(N26,$M$8:$M$47,0))) | R26: =IF(N26="","",INDEX($K$8:$K$47,MATCH(N26,$M$8:$M$47,0)))
A27: 20 | B27: =Gradebook!B29 | C27: =Gradebook!C29 | D27: =Gradebook!E29 | E27: =Gradebook!G29 | F27: =IF(B27="","",IF(AND(NOT(ISNUMBER(C27)),NOT(ISNUMBER(D27))),"",(IF(ISNUMBER(C27),Setup!$B$22*C27,0)+IF(ISNUMBER(D27),Setup!$B$23*D27,0))/(IF(ISNUMBER(C27),Setup!$B$22,0)+IF(ISNUMBER(D27),Setup!$B$23,0)))) | G27: =IF(ISNUMBER(F27),RANK(F27,$F$8:$F$47,0),"") | H27: =IF(ISNUMBER(F27),IF(COUNT($F$8:$F$47)<=1,1,SUMPRODUCT(--($F$8:$F$47<F27))/(COUNT($F$8:$F$47)-1)),"") | I27: =IF(ISNUMBER(F27),IFERROR((F27-AVERAGE($F$8:$F$47))/STDEVP($F$8:$F$47),0),"") | J27: =IF(ISNUMBER(H27),VLOOKUP(H27,Setup!$G$12:$H$16,2,TRUE),"") | K27: =IF(B27="","",IF(OR(AND(ISNUMBER(C27),C27<Setup!$B$27),AND(ISNUMBER(D27),D27<Setup!$B$28)),"At risk",IF(OR(AND(ISNUMBER(C27),C27<Setup!$B$27+0.1),AND(ISNUMBER(D27),D27<Setup!$B$28+0.1)),"Watch","On track"))) | M27: =IF(ISNUMBER(F27),G27+SUMPRODUCT(--($F$7:F26=F27)),"") | N27: =IF(20>COUNT($F$8:$F$47),"",20) | O27: =IF(N27="","",INDEX($B$8:$B$47,MATCH(N27,$M$8:$M$47,0))) | P27: =IF(N27="","",INDEX($F$8:$F$47,MATCH(N27,$M$8:$M$47,0))) | Q27: =IF(N27="","",INDEX($H$8:$H$47,MATCH(N27,$M$8:$M$47,0))) | R27: =IF(N27="","",INDEX($K$8:$K$47,MATCH(N27,$M$8:$M$47,0)))
A28: 21 | B28: =Gradebook!B30 | C28: =Gradebook!C30 | D28: =Gradebook!E30 | E28: =Gradebook!G30 | F28: =IF(B28="","",IF(AND(NOT(ISNUMBER(C28)),NOT(ISNUMBER(D28))),"",(IF(ISNUMBER(C28),Setup!$B$22*C28,0)+IF(ISNUMBER(D28),Setup!$B$23*D28,0))/(IF(ISNUMBER(C28),Setup!$B$22,0)+IF(ISNUMBER(D28),Setup!$B$23,0)))) | G28: =IF(ISNUMBER(F28),RANK(F28,$F$8:$F$47,0),"") | H28: =IF(ISNUMBER(F28),IF(COUNT($F$8:$F$47)<=1,1,SUMPRODUCT(--($F$8:$F$47<F28))/(COUNT($F$8:$F$47)-1)),"") | I28: =IF(ISNUMBER(F28),IFERROR((F28-AVERAGE($F$8:$F$47))/STDEVP($F$8:$F$47),0),"") | J28: =IF(ISNUMBER(H28),VLOOKUP(H28,Setup!$G$12:$H$16,2,TRUE),"") | K28: =IF(B28="","",IF(OR(AND(ISNUMBER(C28),C28<Setup!$B$27),AND(ISNUMBER(D28),D28<Setup!$B$28)),"At risk",IF(OR(AND(ISNUMBER(C28),C28<Setup!$B$27+0.1),AND(ISNUMBER(D28),D28<Setup!$B$28+0.1)),"Watch","On track"))) | M28: =IF(ISNUMBER(F28),G28+SUMPRODUCT(--($F$7:F27=F28)),"") | N28: =IF(21>COUNT($F$8:$F$47),"",21) | O28: =IF(N28="","",INDEX($B$8:$B$47,MATCH(N28,$M$8:$M$47,0))) | P28: =IF(N28="","",INDEX($F$8:$F$47,MATCH(N28,$M$8:$M$47,0))) | Q28: =IF(N28="","",INDEX($H$8:$H$47,MATCH(N28,$M$8:$M$47,0))) | R28: =IF(N28="","",INDEX($K$8:$K$47,MATCH(N28,$M$8:$M$47,0)))
A29: 22 | B29: =Gradebook!B31 | C29: =Gradebook!C31 | D29: =Gradebook!E31 | E29: =Gradebook!G31 | F29: =IF(B29="","",IF(AND(NOT(ISNUMBER(C29)),NOT(ISNUMBER(D29))),"",(IF(ISNUMBER(C29),Setup!$B$22*C29,0)+IF(ISNUMBER(D29),Setup!$B$23*D29,0))/(IF(ISNUMBER(C29),Setup!$B$22,0)+IF(ISNUMBER(D29),Setup!$B$23,0)))) | G29: =IF(ISNUMBER(F29),RANK(F29,$F$8:$F$47,0),"") | H29: =IF(ISNUMBER(F29),IF(COUNT($F$8:$F$47)<=1,1,SUMPRODUCT(--($F$8:$F$47<F29))/(COUNT($F$8:$F$47)-1)),"") | I29: =IF(ISNUMBER(F29),IFERROR((F29-AVERAGE($F$8:$F$47))/STDEVP($F$8:$F$47),0),"") | J29: =IF(ISNUMBER(H29),VLOOKUP(H29,Setup!$G$12:$H$16,2,TRUE),"") | K29: =IF(B29="","",IF(OR(AND(ISNUMBER(C29),C29<Setup!$B$27),AND(ISNUMBER(D29),D29<Setup!$B$28)),"At risk",IF(OR(AND(ISNUMBER(C29),C29<Setup!$B$27+0.1),AND(ISNUMBER(D29),D29<Setup!$B$28+0.1)),"Watch","On track"))) | M29: =IF(ISNUMBER(F29),G29+SUMPRODUCT(--($F$7:F28=F29)),"") | N29: =IF(22>COUNT($F$8:$F$47),"",22) | O29: =IF(N29="","",INDEX($B$8:$B$47,MATCH(N29,$M$8:$M$47,0))) | P29: =IF(N29="","",INDEX($F$8:$F$47,MATCH(N29,$M$8:$M$47,0))) | Q29: =IF(N29="","",INDEX($H$8:$H$47,MATCH(N29,$M$8:$M$47,0))) | R29: =IF(N29="","",INDEX($K$8:$K$47,MATCH(N29,$M$8:$M$47,0)))
A30: 23 | B30: =Gradebook!B32 | C30: =Gradebook!C32 | D30: =Gradebook!E32 | E30: =Gradebook!G32 | F30: =IF(B30="","",IF(AND(NOT(ISNUMBER(C30)),NOT(ISNUMBER(D30))),"",(IF(ISNUMBER(C30),Setup!$B$22*C30,0)+IF(ISNUMBER(D30),Setup!$B$23*D30,0))/(IF(ISNUMBER(C30),Setup!$B$22,0)+IF(ISNUMBER(D30),Setup!$B$23,0)))) | G30: =IF(ISNUMBER(F30),RANK(F30,$F$8:$F$47,0),"") | H30: =IF(ISNUMBER(F30),IF(COUNT($F$8:$F$47)<=1,1,SUMPRODUCT(--($F$8:$F$47<F30))/(COUNT($F$8:$F$47)-1)),"") | I30: =IF(ISNUMBER(F30),IFERROR((F30-AVERAGE($F$8:$F$47))/STDEVP($F$8:$F$47),0),"") | J30: =IF(ISNUMBER(H30),VLOOKUP(H30,Setup!$G$12:$H$16,2,TRUE),"") | K30: =IF(B30="","",IF(OR(AND(ISNUMBER(C30),C30<Setup!$B$27),AND(ISNUMBER(D30),D30<Setup!$B$28)),"At risk",IF(OR(AND(ISNUMBER(C30),C30<Setup!$B$27+0.1),AND(ISNUMBER(D30),D30<Setup!$B$28+0.1)),"Watch","On track"))) | M30: =IF(ISNUMBER(F30),G30+SUMPRODUCT(--($F$7:F29=F30)),"") | N30: =IF(23>COUNT($F$8:$F$47),"",23) | O30: =IF(N30="","",INDEX($B$8:$B$47,MATCH(N30,$M$8:$M$47,0))) | P30: =IF(N30="","",INDEX($F$8:$F$47,MATCH(N30,$M$8:$M$47,0))) | Q30: =IF(N30="","",INDEX($H$8:$H$47,MATCH(N30,$M$8:$M$47,0))) | R30: =IF(N30="","",INDEX($K$8:$K$47,MATCH(N30,$M$8:$M$47,0)))
A31: 24 | B31: =Gradebook!B33 | C31: =Gradebook!C33 | D31: =Gradebook!E33 | E31: =Gradebook!G33 | F31: =IF(B31="","",IF(AND(NOT(ISNUMBER(C31)),NOT(ISNUMBER(D31))),"",(IF(ISNUMBER(C31),Setup!$B$22*C31,0)+IF(ISNUMBER(D31),Setup!$B$23*D31,0))/(IF(ISNUMBER(C31),Setup!$B$22,0)+IF(ISNUMBER(D31),Setup!$B$23,0)))) | G31: =IF(ISNUMBER(F31),RANK(F31,$F$8:$F$47,0),"") | H31: =IF(ISNUMBER(F31),IF(COUNT($F$8:$F$47)<=1,1,SUMPRODUCT(--($F$8:$F$47<F31))/(COUNT($F$8:$F$47)-1)),"") | I31: =IF(ISNUMBER(F31),IFERROR((F31-AVERAGE($F$8:$F$47))/STDEVP($F$8:$F$47),0),"") | J31: =IF(ISNUMBER(H31),VLOOKUP(H31,Setup!$G$12:$H$16,2,TRUE),"") | K31: =IF(B31="","",IF(OR(AND(ISNUMBER(C31),C31<Setup!$B$27),AND(ISNUMBER(D31),D31<Setup!$B$28)),"At risk",IF(OR(AND(ISNUMBER(C31),C31<Setup!$B$27+0.1),AND(ISNUMBER(D31),D31<Setup!$B$28+0.1)),"Watch","On track"))) | M31: =IF(ISNUMBER(F31),G31+SUMPRODUCT(--($F$7:F30=F31)),"") | N31: =IF(24>COUNT($F$8:$F$47),"",24) | O31: =IF(N31="","",INDEX($B$8:$B$47,MATCH(N31,$M$8:$M$47,0))) | P31: =IF(N31="","",INDEX($F$8:$F$47,MATCH(N31,$M$8:$M$47,0))) | Q31: =IF(N31="","",INDEX($H$8:$H$47,MATCH(N31,$M$8:$M$47,0))) | R31: =IF(N31="","",INDEX($K$8:$K$47,MATCH(N31,$M$8:$M$47,0)))
A32: 25 | B32: =Gradebook!B34 | C32: =Gradebook!C34 | D32: =Gradebook!E34 | E32: =Gradebook!G34 | F32: =IF(B32="","",IF(AND(NOT(ISNUMBER(C32)),NOT(ISNUMBER(D32))),"",(IF(ISNUMBER(C32),Setup!$B$22*C32,0)+IF(ISNUMBER(D32),Setup!$B$23*D32,0))/(IF(ISNUMBER(C32),Setup!$B$22,0)+IF(ISNUMBER(D32),Setup!$B$23,0)))) | G32: =IF(ISNUMBER(F32),RANK(F32,$F$8:$F$47,0),"") | H32: =IF(ISNUMBER(F32),IF(COUNT($F$8:$F$47)<=1,1,SUMPRODUCT(--($F$8:$F$47<F32))/(COUNT($F$8:$F$47)-1)),"") | I32: =IF(ISNUMBER(F32),IFERROR((F32-AVERAGE($F$8:$F$47))/STDEVP($F$8:$F$47),0),"") | J32: =IF(ISNUMBER(H32),VLOOKUP(H32,Setup!$G$12:$H$16,2,TRUE),"") | K32: =IF(B32="","",IF(OR(AND(ISNUMBER(C32),C32<Setup!$B$27),AND(ISNUMBER(D32),D32<Setup!$B$28)),"At risk",IF(OR(AND(ISNUMBER(C32),C32<Setup!$B$27+0.1),AND(ISNUMBER(D32),D32<Setup!$B$28+0.1)),"Watch","On track"))) | M32: =IF(ISNUMBER(F32),G32+SUMPRODUCT(--($F$7:F31=F32)),"") | N32: =IF(25>COUNT($F$8:$F$47),"",25) | O32: =IF(N32="","",INDEX($B$8:$B$47,MATCH(N32,$M$8:$M$47,0))) | P32: =IF(N32="","",INDEX($F$8:$F$47,MATCH(N32,$M$8:$M$47,0))) | Q32: =IF(N32="","",INDEX($H$8:$H$47,MATCH(N32,$M$8:$M$47,0))) | R32: =IF(N32="","",INDEX($K$8:$K$47,MATCH(N32,$M$8:$M$47,0)))
A33: 26 | B33: =Gradebook!B35 | C33: =Gradebook!C35 | D33: =Gradebook!E35 | E33: =Gradebook!G35 | F33: =IF(B33="","",IF(AND(NOT(ISNUMBER(C33)),NOT(ISNUMBER(D33))),"",(IF(ISNUMBER(C33),Setup!$B$22*C33,0)+IF(ISNUMBER(D33),Setup!$B$23*D33,0))/(IF(ISNUMBER(C33),Setup!$B$22,0)+IF(ISNUMBER(D33),Setup!$B$23,0)))) | G33: =IF(ISNUMBER(F33),RANK(F33,$F$8:$F$47,0),"") | H33: =IF(ISNUMBER(F33),IF(COUNT($F$8:$F$47)<=1,1,SUMPRODUCT(--($F$8:$F$47<F33))/(COUNT($F$8:$F$47)-1)),"") | I33: =IF(ISNUMBER(F33),IFERROR((F33-AVERAGE($F$8:$F$47))/STDEVP($F$8:$F$47),0),"") | J33: =IF(ISNUMBER(H33),VLOOKUP(H33,Setup!$G$12:$H$16,2,TRUE),"") | K33: =IF(B33="","",IF(OR(AND(ISNUMBER(C33),C33<Setup!$B$27),AND(ISNUMBER(D33),D33<Setup!$B$28)),"At risk",IF(OR(AND(ISNUMBER(C33),C33<Setup!$B$27+0.1),AND(ISNUMBER(D33),D33<Setup!$B$28+0.1)),"Watch","On track"))) | M33: =IF(ISNUMBER(F33),G33+SUMPRODUCT(--($F$7:F32=F33)),"") | N33: =IF(26>COUNT($F$8:$F$47),"",26) | O33: =IF(N33="","",INDEX($B$8:$B$47,MATCH(N33,$M$8:$M$47,0))) | P33: =IF(N33="","",INDEX($F$8:$F$47,MATCH(N33,$M$8:$M$47,0))) | Q33: =IF(N33="","",INDEX($H$8:$H$47,MATCH(N33,$M$8:$M$47,0))) | R33: =IF(N33="","",INDEX($K$8:$K$47,MATCH(N33,$M$8:$M$47,0)))
A34: 27 | B34: =Gradebook!B36 | C34: =Gradebook!C36 | D34: =Gradebook!E36 | E34: =Gradebook!G36 | F34: =IF(B34="","",IF(AND(NOT(ISNUMBER(C34)),NOT(ISNUMBER(D34))),"",(IF(ISNUMBER(C34),Setup!$B$22*C34,0)+IF(ISNUMBER(D34),Setup!$B$23*D34,0))/(IF(ISNUMBER(C34),Setup!$B$22,0)+IF(ISNUMBER(D34),Setup!$B$23,0)))) | G34: =IF(ISNUMBER(F34),RANK(F34,$F$8:$F$47,0),"") | H34: =IF(ISNUMBER(F34),IF(COUNT($F$8:$F$47)<=1,1,SUMPRODUCT(--($F$8:$F$47<F34))/(COUNT($F$8:$F$47)-1)),"") | I34: =IF(ISNUMBER(F34),IFERROR((F34-AVERAGE($F$8:$F$47))/STDEVP($F$8:$F$47),0),"") | J34: =IF(ISNUMBER(H34),VLOOKUP(H34,Setup!$G$12:$H$16,2,TRUE),"") | K34: =IF(B34="","",IF(OR(AND(ISNUMBER(C34),C34<Setup!$B$27),AND(ISNUMBER(D34),D34<Setup!$B$28)),"At risk",IF(OR(AND(ISNUMBER(C34),C34<Setup!$B$27+0.1),AND(ISNUMBER(D34),D34<Setup!$B$28+0.1)),"Watch","On track"))) | M34: =IF(ISNUMBER(F34),G34+SUMPRODUCT(--($F$7:F33=F34)),"") | N34: =IF(27>COUNT($F$8:$F$47),"",27) | O34: =IF(N34="","",INDEX($B$8:$B$47,MATCH(N34,$M$8:$M$47,0))) | P34: =IF(N34="","",INDEX($F$8:$F$47,MATCH(N34,$M$8:$M$47,0))) | Q34: =IF(N34="","",INDEX($H$8:$H$47,MATCH(N34,$M$8:$M$47,0))) | R34: =IF(N34="","",INDEX($K$8:$K$47,MATCH(N34,$M$8:$M$47,0)))
A35: 28 | B35: =Gradebook!B37 | C35: =Gradebook!C37 | D35: =Gradebook!E37 | E35: =Gradebook!G37 | F35: =IF(B35="","",IF(AND(NOT(ISNUMBER(C35)),NOT(ISNUMBER(D35))),"",(IF(ISNUMBER(C35),Setup!$B$22*C35,0)+IF(ISNUMBER(D35),Setup!$B$23*D35,0))/(IF(ISNUMBER(C35),Setup!$B$22,0)+IF(ISNUMBER(D35),Setup!$B$23,0)))) | G35: =IF(ISNUMBER(F35),RANK(F35,$F$8:$F$47,0),"") | H35: =IF(ISNUMBER(F35),IF(COUNT($F$8:$F$47)<=1,1,SUMPRODUCT(--($F$8:$F$47<F35))/(COUNT($F$8:$F$47)-1)),"") | I35: =IF(ISNUMBER(F35),IFERROR((F35-AVERAGE($F$8:$F$47))/STDEVP($F$8:$F$47),0),"") | J35: =IF(ISNUMBER(H35),VLOOKUP(H35,Setup!$G$12:$H$16,2,TRUE),"") | K35: =IF(B35="","",IF(OR(AND(ISNUMBER(C35),C35<Setup!$B$27),AND(ISNUMBER(D35),D35<Setup!$B$28)),"At risk",IF(OR(AND(ISNUMBER(C35),C35<Setup!$B$27+0.1),AND(ISNUMBER(D35),D35<Setup!$B$28+0.1)),"Watch","On track"))) | M35: =IF(ISNUMBER(F35),G35+SUMPRODUCT(--($F$7:F34=F35)),"") | N35: =IF(28>COUNT($F$8:$F$47),"",28) | O35: =IF(N35="","",INDEX($B$8:$B$47,MATCH(N35,$M$8:$M$47,0))) | P35: =IF(N35="","",INDEX($F$8:$F$47,MATCH(N35,$M$8:$M$47,0))) | Q35: =IF(N35="","",INDEX($H$8:$H$47,MATCH(N35,$M$8:$M$47,0))) | R35: =IF(N35="","",INDEX($K$8:$K$47,MATCH(N35,$M$8:$M$47,0)))
A36: 29 | B36: =Gradebook!B38 | C36: =Gradebook!C38 | D36: =Gradebook!E38 | E36: =Gradebook!G38 | F36: =IF(B36="","",IF(AND(NOT(ISNUMBER(C36)),NOT(ISNUMBER(D36))),"",(IF(ISNUMBER(C36),Setup!$B$22*C36,0)+IF(ISNUMBER(D36),Setup!$B$23*D36,0))/(IF(ISNUMBER(C36),Setup!$B$22,0)+IF(ISNUMBER(D36),Setup!$B$23,0)))) | G36: =IF(ISNUMBER(F36),RANK(F36,$F$8:$F$47,0),"") | H36: =IF(ISNUMBER(F36),IF(COUNT($F$8:$F$47)<=1,1,SUMPRODUCT(--($F$8:$F$47<F36))/(COUNT($F$8:$F$47)-1)),"") | I36: =IF(ISNUMBER(F36),IFERROR((F36-AVERAGE($F$8:$F$47))/STDEVP($F$8:$F$47),0),"") | J36: =IF(ISNUMBER(H36),VLOOKUP(H36,Setup!$G$12:$H$16,2,TRUE),"") | K36: =IF(B36="","",IF(OR(AND(ISNUMBER(C36),C36<Setup!$B$27),AND(ISNUMBER(D36),D36<Setup!$B$28)),"At risk",IF(OR(AND(ISNUMBER(C36),C36<Setup!$B$27+0.1),AND(ISNUMBER(D36),D36<Setup!$B$28+0.1)),"Watch","On track"))) | M36: =IF(ISNUMBER(F36),G36+SUMPRODUCT(--($F$7:F35=F36)),"") | N36: =IF(29>COUNT($F$8:$F$47),"",29) | O36: =IF(N36="","",INDEX($B$8:$B$47,MATCH(N36,$M$8:$M$47,0))) | P36: =IF(N36="","",INDEX($F$8:$F$47,MATCH(N36,$M$8:$M$47,0))) | Q36: =IF(N36="","",INDEX($H$8:$H$47,MATCH(N36,$M$8:$M$47,0))) | R36: =IF(N36="","",INDEX($K$8:$K$47,MATCH(N36,$M$8:$M$47,0)))
A37: 30 | B37: =Gradebook!B39 | C37: =Gradebook!C39 | D37: =Gradebook!E39 | E37: =Gradebook!G39 | F37: =IF(B37="","",IF(AND(NOT(ISNUMBER(C37)),NOT(ISNUMBER(D37))),"",(IF(ISNUMBER(C37),Setup!$B$22*C37,0)+IF(ISNUMBER(D37),Setup!$B$23*D37,0))/(IF(ISNUMBER(C37),Setup!$B$22,0)+IF(ISNUMBER(D37),Setup!$B$23,0)))) | G37: =IF(ISNUMBER(F37),RANK(F37,$F$8:$F$47,0),"") | H37: =IF(ISNUMBER(F37),IF(COUNT($F$8:$F$47)<=1,1,SUMPRODUCT(--($F$8:$F$47<F37))/(COUNT($F$8:$F$47)-1)),"") | I37: =IF(ISNUMBER(F37),IFERROR((F37-AVERAGE($F$8:$F$47))/STDEVP($F$8:$F$47),0),"") | J37: =IF(ISNUMBER(H37),VLOOKUP(H37,Setup!$G$12:$H$16,2,TRUE),"") | K37: =IF(B37="","",IF(OR(AND(ISNUMBER(C37),C37<Setup!$B$27),AND(ISNUMBER(D37),D37<Setup!$B$28)),"At risk",IF(OR(AND(ISNUMBER(C37),C37<Setup!$B$27+0.1),AND(ISNUMBER(D37),D37<Setup!$B$28+0.1)),"Watch","On track"))) | M37: =IF(ISNUMBER(F37),G37+SUMPRODUCT(--($F$7:F36=F37)),"") | N37: =IF(30>COUNT($F$8:$F$47),"",30) | O37: =IF(N37="","",INDEX($B$8:$B$47,MATCH(N37,$M$8:$M$47,0))) | P37: =IF(N37="","",INDEX($F$8:$F$47,MATCH(N37,$M$8:$M$47,0))) | Q37: =IF(N37="","",INDEX($H$8:$H$47,MATCH(N37,$M$8:$M$47,0))) | R37: =IF(N37="","",INDEX($K$8:$K$47,MATCH(N37,$M$8:$M$47,0)))
A38: 31 | B38: =Gradebook!B40 | C38: =Gradebook!C40 | D38: =Gradebook!E40 | E38: =Gradebook!G40 | F38: =IF(B38="","",IF(AND(NOT(ISNUMBER(C38)),NOT(ISNUMBER(D38))),"",(IF(ISNUMBER(C38),Setup!$B$22*C38,0)+IF(ISNUMBER(D38),Setup!$B$23*D38,0))/(IF(ISNUMBER(C38),Setup!$B$22,0)+IF(ISNUMBER(D38),Setup!$B$23,0)))) | G38: =IF(ISNUMBER(F38),RANK(F38,$F$8:$F$47,0),"") | H38: =IF(ISNUMBER(F38),IF(COUNT($F$8:$F$47)<=1,1,SUMPRODUCT(--($F$8:$F$47<F38))/(COUNT($F$8:$F$47)-1)),"") | I38: =IF(ISNUMBER(F38),IFERROR((F38-AVERAGE($F$8:$F$47))/STDEVP($F$8:$F$47),0),"") | J38: =IF(ISNUMBER(H38),VLOOKUP(H38,Setup!$G$12:$H$16,2,TRUE),"") | K38: =IF(B38="","",IF(OR(AND(ISNUMBER(C38),C38<Setup!$B$27),AND(ISNUMBER(D38),D38<Setup!$B$28)),"At risk",IF(OR(AND(ISNUMBER(C38),C38<Setup!$B$27+0.1),AND(ISNUMBER(D38),D38<Setup!$B$28+0.1)),"Watch","On track"))) | M38: =IF(ISNUMBER(F38),G38+SUMPRODUCT(--($F$7:F37=F38)),"") | N38: =IF(31>COUNT($F$8:$F$47),"",31) | O38: =IF(N38="","",INDEX($B$8:$B$47,MATCH(N38,$M$8:$M$47,0))) | P38: =IF(N38="","",INDEX($F$8:$F$47,MATCH(N38,$M$8:$M$47,0))) | Q38: =IF(N38="","",INDEX($H$8:$H$47,MATCH(N38,$M$8:$M$47,0))) | R38: =IF(N38="","",INDEX($K$8:$K$47,MATCH(N38,$M$8:$M$47,0)))
A39: 32 | B39: =Gradebook!B41 | C39: =Gradebook!C41 | D39: =Gradebook!E41 | E39: =Gradebook!G41 | F39: =IF(B39="","",IF(AND(NOT(ISNUMBER(C39)),NOT(ISNUMBER(D39))),"",(IF(ISNUMBER(C39),Setup!$B$22*C39,0)+IF(ISNUMBER(D39),Setup!$B$23*D39,0))/(IF(ISNUMBER(C39),Setup!$B$22,0)+IF(ISNUMBER(D39),Setup!$B$23,0)))) | G39: =IF(ISNUMBER(F39),RANK(F39,$F$8:$F$47,0),"") | H39: =IF(ISNUMBER(F39),IF(COUNT($F$8:$F$47)<=1,1,SUMPRODUCT(--($F$8:$F$47<F39))/(COUNT($F$8:$F$47)-1)),"") | I39: =IF(ISNUMBER(F39),IFERROR((F39-AVERAGE($F$8:$F$47))/STDEVP($F$8:$F$47),0),"") | J39: =IF(ISNUMBER(H39),VLOOKUP(H39,Setup!$G$12:$H$16,2,TRUE),"") | K39: =IF(B39="","",IF(OR(AND(ISNUMBER(C39),C39<Setup!$B$27),AND(ISNUMBER(D39),D39<Setup!$B$28)),"At risk",IF(OR(AND(ISNUMBER(C39),C39<Setup!$B$27+0.1),AND(ISNUMBER(D39),D39<Setup!$B$28+0.1)),"Watch","On track"))) | M39: =IF(ISNUMBER(F39),G39+SUMPRODUCT(--($F$7:F38=F39)),"") | N39: =IF(32>COUNT($F$8:$F$47),"",32) | O39: =IF(N39="","",INDEX($B$8:$B$47,MATCH(N39,$M$8:$M$47,0))) | P39: =IF(N39="","",INDEX($F$8:$F$47,MATCH(N39,$M$8:$M$47,0))) | Q39: =IF(N39="","",INDEX($H$8:$H$47,MATCH(N39,$M$8:$M$47,0))) | R39: =IF(N39="","",INDEX($K$8:$K$47,MATCH(N39,$M$8:$M$47,0)))
A40: 33 | B40: =Gradebook!B42 | C40: =Gradebook!C42 | D40: =Gradebook!E42 | E40: =Gradebook!G42 | F40: =IF(B40="","",IF(AND(NOT(ISNUMBER(C40)),NOT(ISNUMBER(D40))),"",(IF(ISNUMBER(C40),Setup!$B$22*C40,0)+IF(ISNUMBER(D40),Setup!$B$23*D40,0))/(IF(ISNUMBER(C40),Setup!$B$22,0)+IF(ISNUMBER(D40),Setup!$B$23,0)))) | G40: =IF(ISNUMBER(F40),RANK(F40,$F$8:$F$47,0),"") | H40: =IF(ISNUMBER(F40),IF(COUNT($F$8:$F$47)<=1,1,SUMPRODUCT(--($F$8:$F$47<F40))/(COUNT($F$8:$F$47)-1)),"") | I40: =IF(ISNUMBER(F40),IFERROR((F40-AVERAGE($F$8:$F$47))/STDEVP($F$8:$F$47),0),"") | J40: =IF(ISNUMBER(H40),VLOOKUP(H40,Setup!$G$12:$H$16,2,TRUE),"") | K40: =IF(B40="","",IF(OR(AND(ISNUMBER(C40),C40<Setup!$B$27),AND(ISNUMBER(D40),D40<Setup!$B$28)),"At risk",IF(OR(AND(ISNUMBER(C40),C40<Setup!$B$27+0.1),AND(ISNUMBER(D40),D40<Setup!$B$28+0.1)),"Watch","On track"))) | M40: =IF(ISNUMBER(F40),G40+SUMPRODUCT(--($F$7:F39=F40)),"") | N40: =IF(33>COUNT($F$8:$F$47),"",33) | O40: =IF(N40="","",INDEX($B$8:$B$47,MATCH(N40,$M$8:$M$47,0))) | P40: =IF(N40="","",INDEX($F$8:$F$47,MATCH(N40,$M$8:$M$47,0))) | Q40: =IF(N40="","",INDEX($H$8:$H$47,MATCH(N40,$M$8:$M$47,0))) | R40: =IF(N40="","",INDEX($K$8:$K$47,MATCH(N40,$M$8:$M$47,0)))
A41: 34 | B41: =Gradebook!B43 | C41: =Gradebook!C43 | D41: =Gradebook!E43 | E41: =Gradebook!G43 | F41: =IF(B41="","",IF(AND(NOT(ISNUMBER(C41)),NOT(ISNUMBER(D41))),"",(IF(ISNUMBER(C41),Setup!$B$22*C41,0)+IF(ISNUMBER(D41),Setup!$B$23*D41,0))/(IF(ISNUMBER(C41),Setup!$B$22,0)+IF(ISNUMBER(D41),Setup!$B$23,0)))) | G41: =IF(ISNUMBER(F41),RANK(F41,$F$8:$F$47,0),"") | H41: =IF(ISNUMBER(F41),IF(COUNT($F$8:$F$47)<=1,1,SUMPRODUCT(--($F$8:$F$47<F41))/(COUNT($F$8:$F$47)-1)),"") | I41: =IF(ISNUMBER(F41),IFERROR((F41-AVERAGE($F$8:$F$47))/STDEVP($F$8:$F$47),0),"") | J41: =IF(ISNUMBER(H41),VLOOKUP(H41,Setup!$G$12:$H$16,2,TRUE),"") | K41: =IF(B41="","",IF(OR(AND(ISNUMBER(C41),C41<Setup!$B$27),AND(ISNUMBER(D41),D41<Setup!$B$28)),"At risk",IF(OR(AND(ISNUMBER(C41),C41<Setup!$B$27+0.1),AND(ISNUMBER(D41),D41<Setup!$B$28+0.1)),"Watch","On track"))) | M41: =IF(ISNUMBER(F41),G41+SUMPRODUCT(--($F$7:F40=F41)),"") | N41: =IF(34>COUNT($F$8:$F$47),"",34) | O41: =IF(N41="","",INDEX($B$8:$B$47,MATCH(N41,$M$8:$M$47,0))) | P41: =IF(N41="","",INDEX($F$8:$F$47,MATCH(N41,$M$8:$M$47,0))) | Q41: =IF(N41="","",INDEX($H$8:$H$47,MATCH(N41,$M$8:$M$47,0))) | R41: =IF(N41="","",INDEX($K$8:$K$47,MATCH(N41,$M$8:$M$47,0)))
A42: 35 | B42: =Gradebook!B44 | C42: =Gradebook!C44 | D42: =Gradebook!E44 | E42: =Gradebook!G44 | F42: =IF(B42="","",IF(AND(NOT(ISNUMBER(C42)),NOT(ISNUMBER(D42))),"",(IF(ISNUMBER(C42),Setup!$B$22*C42,0)+IF(ISNUMBER(D42),Setup!$B$23*D42,0))/(IF(ISNUMBER(C42),Setup!$B$22,0)+IF(ISNUMBER(D42),Setup!$B$23,0)))) | G42: =IF(ISNUMBER(F42),RANK(F42,$F$8:$F$47,0),"") | H42: =IF(ISNUMBER(F42),IF(COUNT($F$8:$F$47)<=1,1,SUMPRODUCT(--($F$8:$F$47<F42))/(COUNT($F$8:$F$47)-1)),"") | I42: =IF(ISNUMBER(F42),IFERROR((F42-AVERAGE($F$8:$F$47))/STDEVP($F$8:$F$47),0),"") | J42: =IF(ISNUMBER(H42),VLOOKUP(H42,Setup!$G$12:$H$16,2,TRUE),"") | K42: =IF(B42="","",IF(OR(AND(ISNUMBER(C42),C42<Setup!$B$27),AND(ISNUMBER(D42),D42<Setup!$B$28)),"At risk",IF(OR(AND(ISNUMBER(C42),C42<Setup!$B$27+0.1),AND(ISNUMBER(D42),D42<Setup!$B$28+0.1)),"Watch","On track"))) | M42: =IF(ISNUMBER(F42),G42+SUMPRODUCT(--($F$7:F41=F42)),"") | N42: =IF(35>COUNT($F$8:$F$47),"",35) | O42: =IF(N42="","",INDEX($B$8:$B$47,MATCH(N42,$M$8:$M$47,0))) | P42: =IF(N42="","",INDEX($F$8:$F$47,MATCH(N42,$M$8:$M$47,0))) | Q42: =IF(N42="","",INDEX($H$8:$H$47,MATCH(N42,$M$8:$M$47,0))) | R42: =IF(N42="","",INDEX($K$8:$K$47,MATCH(N42,$M$8:$M$47,0)))
A43: 36 | B43: =Gradebook!B45 | C43: =Gradebook!C45 | D43: =Gradebook!E45 | E43: =Gradebook!G45 | F43: =IF(B43="","",IF(AND(NOT(ISNUMBER(C43)),NOT(ISNUMBER(D43))),"",(IF(ISNUMBER(C43),Setup!$B$22*C43,0)+IF(ISNUMBER(D43),Setup!$B$23*D43,0))/(IF(ISNUMBER(C43),Setup!$B$22,0)+IF(ISNUMBER(D43),Setup!$B$23,0)))) | G43: =IF(ISNUMBER(F43),RANK(F43,$F$8:$F$47,0),"") | H43: =IF(ISNUMBER(F43),IF(COUNT($F$8:$F$47)<=1,1,SUMPRODUCT(--($F$8:$F$47<F43))/(COUNT($F$8:$F$47)-1)),"") | I43: =IF(ISNUMBER(F43),IFERROR((F43-AVERAGE($F$8:$F$47))/STDEVP($F$8:$F$47),0),"") | J43: =IF(ISNUMBER(H43),VLOOKUP(H43,Setup!$G$12:$H$16,2,TRUE),"") | K43: =IF(B43="","",IF(OR(AND(ISNUMBER(C43),C43<Setup!$B$27),AND(ISNUMBER(D43),D43<Setup!$B$28)),"At risk",IF(OR(AND(ISNUMBER(C43),C43<Setup!$B$27+0.1),AND(ISNUMBER(D43),D43<Setup!$B$28+0.1)),"Watch","On track"))) | M43: =IF(ISNUMBER(F43),G43+SUMPRODUCT(--($F$7:F42=F43)),"") | N43: =IF(36>COUNT($F$8:$F$47),"",36) | O43: =IF(N43="","",INDEX($B$8:$B$47,MATCH(N43,$M$8:$M$47,0))) | P43: =IF(N43="","",INDEX($F$8:$F$47,MATCH(N43,$M$8:$M$47,0))) | Q43: =IF(N43="","",INDEX($H$8:$H$47,MATCH(N43,$M$8:$M$47,0))) | R43: =IF(N43="","",INDEX($K$8:$K$47,MATCH(N43,$M$8:$M$47,0)))
A44: 37 | B44: =Gradebook!B46 | C44: =Gradebook!C46 | D44: =Gradebook!E46 | E44: =Gradebook!G46 | F44: =IF(B44="","",IF(AND(NOT(ISNUMBER(C44)),NOT(ISNUMBER(D44))),"",(IF(ISNUMBER(C44),Setup!$B$22*C44,0)+IF(ISNUMBER(D44),Setup!$B$23*D44,0))/(IF(ISNUMBER(C44),Setup!$B$22,0)+IF(ISNUMBER(D44),Setup!$B$23,0)))) | G44: =IF(ISNUMBER(F44),RANK(F44,$F$8:$F$47,0),"") | H44: =IF(ISNUMBER(F44),IF(COUNT($F$8:$F$47)<=1,1,SUMPRODUCT(--($F$8:$F$47<F44))/(COUNT($F$8:$F$47)-1)),"") | I44: =IF(ISNUMBER(F44),IFERROR((F44-AVERAGE($F$8:$F$47))/STDEVP($F$8:$F$47),0),"") | J44: =IF(ISNUMBER(H44),VLOOKUP(H44,Setup!$G$12:$H$16,2,TRUE),"") | K44: =IF(B44="","",IF(OR(AND(ISNUMBER(C44),C44<Setup!$B$27),AND(ISNUMBER(D44),D44<Setup!$B$28)),"At risk",IF(OR(AND(ISNUMBER(C44),C44<Setup!$B$27+0.1),AND(ISNUMBER(D44),D44<Setup!$B$28+0.1)),"Watch","On track"))) | M44: =IF(ISNUMBER(F44),G44+SUMPRODUCT(--($F$7:F43=F44)),"") | N44: =IF(37>COUNT($F$8:$F$47),"",37) | O44: =IF(N44="","",INDEX($B$8:$B$47,MATCH(N44,$M$8:$M$47,0))) | P44: =IF(N44="","",INDEX($F$8:$F$47,MATCH(N44,$M$8:$M$47,0))) | Q44: =IF(N44="","",INDEX($H$8:$H$47,MATCH(N44,$M$8:$M$47,0))) | R44: =IF(N44="","",INDEX($K$8:$K$47,MATCH(N44,$M$8:$M$47,0)))
A45: 38 | B45: =Gradebook!B47 | C45: =Gradebook!C47 | D45: =Gradebook!E47 | E45: =Gradebook!G47 | F45: =IF(B45="","",IF(AND(NOT(ISNUMBER(C45)),NOT(ISNUMBER(D45))),"",(IF(ISNUMBER(C45),Setup!$B$22*C45,0)+IF(ISNUMBER(D45),Setup!$B$23*D45,0))/(IF(ISNUMBER(C45),Setup!$B$22,0)+IF(ISNUMBER(D45),Setup!$B$23,0)))) | G45: =IF(ISNUMBER(F45),RANK(F45,$F$8:$F$47,0),"") | H45: =IF(ISNUMBER(F45),IF(COUNT($F$8:$F$47)<=1,1,SUMPRODUCT(--($F$8:$F$47<F45))/(COUNT($F$8:$F$47)-1)),"") | I45: =IF(ISNUMBER(F45),IFERROR((F45-AVERAGE($F$8:$F$47))/STDEVP($F$8:$F$47),0),"") | J45: =IF(ISNUMBER(H45),VLOOKUP(H45,Setup!$G$12:$H$16,2,TRUE),"") | K45: =IF(B45="","",IF(OR(AND(ISNUMBER(C45),C45<Setup!$B$27),AND(ISNUMBER(D45),D45<Setup!$B$28)),"At risk",IF(OR(AND(ISNUMBER(C45),C45<Setup!$B$27+0.1),AND(ISNUMBER(D45),D45<Setup!$B$28+0.1)),"Watch","On track"))) | M45: =IF(ISNUMBER(F45),G45+SUMPRODUCT(--($F$7:F44=F45)),"") | N45: =IF(38>COUNT($F$8:$F$47),"",38) | O45: =IF(N45="","",INDEX($B$8:$B$47,MATCH(N45,$M$8:$M$47,0))) | P45: =IF(N45="","",INDEX($F$8:$F$47,MATCH(N45,$M$8:$M$47,0))) | Q45: =IF(N45="","",INDEX($H$8:$H$47,MATCH(N45,$M$8:$M$47,0))) | R45: =IF(N45="","",INDEX($K$8:$K$47,MATCH(N45,$M$8:$M$47,0)))
A46: 39 | B46: =Gradebook!B48 | C46: =Gradebook!C48 | D46: =Gradebook!E48 | E46: =Gradebook!G48 | F46: =IF(B46="","",IF(AND(NOT(ISNUMBER(C46)),NOT(ISNUMBER(D46))),"",(IF(ISNUMBER(C46),Setup!$B$22*C46,0)+IF(ISNUMBER(D46),Setup!$B$23*D46,0))/(IF(ISNUMBER(C46),Setup!$B$22,0)+IF(ISNUMBER(D46),Setup!$B$23,0)))) | G46: =IF(ISNUMBER(F46),RANK(F46,$F$8:$F$47,0),"") | H46: =IF(ISNUMBER(F46),IF(COUNT($F$8:$F$47)<=1,1,SUMPRODUCT(--($F$8:$F$47<F46))/(COUNT($F$8:$F$47)-1)),"") | I46: =IF(ISNUMBER(F46),IFERROR((F46-AVERAGE($F$8:$F$47))/STDEVP($F$8:$F$47),0),"") | J46: =IF(ISNUMBER(H46),VLOOKUP(H46,Setup!$G$12:$H$16,2,TRUE),"") | K46: =IF(B46="","",IF(OR(AND(ISNUMBER(C46),C46<Setup!$B$27),AND(ISNUMBER(D46),D46<Setup!$B$28)),"At risk",IF(OR(AND(ISNUMBER(C46),C46<Setup!$B$27+0.1),AND(ISNUMBER(D46),D46<Setup!$B$28+0.1)),"Watch","On track"))) | M46: =IF(ISNUMBER(F46),G46+SUMPRODUCT(--($F$7:F45=F46)),"") | N46: =IF(39>COUNT($F$8:$F$47),"",39) | O46: =IF(N46="","",INDEX($B$8:$B$47,MATCH(N46,$M$8:$M$47,0))) | P46: =IF(N46="","",INDEX($F$8:$F$47,MATCH(N46,$M$8:$M$47,0))) | Q46: =IF(N46="","",INDEX($H$8:$H$47,MATCH(N46,$M$8:$M$47,0))) | R46: =IF(N46="","",INDEX($K$8:$K$47,MATCH(N46,$M$8:$M$47,0)))
A47: 40 | B47: =Gradebook!B49 | C47: =Gradebook!C49 | D47: =Gradebook!E49 | E47: =Gradebook!G49 | F47: =IF(B47="","",IF(AND(NOT(ISNUMBER(C47)),NOT(ISNUMBER(D47))),"",(IF(ISNUMBER(C47),Setup!$B$22*C47,0)+IF(ISNUMBER(D47),Setup!$B$23*D47,0))/(IF(ISNUMBER(C47),Setup!$B$22,0)+IF(ISNUMBER(D47),Setup!$B$23,0)))) | G47: =IF(ISNUMBER(F47),RANK(F47,$F$8:$F$47,0),"") | H47: =IF(ISNUMBER(F47),IF(COUNT($F$8:$F$47)<=1,1,SUMPRODUCT(--($F$8:$F$47<F47))/(COUNT($F$8:$F$47)-1)),"") | I47: =IF(ISNUMBER(F47),IFERROR((F47-AVERAGE($F$8:$F$47))/STDEVP($F$8:$F$47),0),"") | J47: =IF(ISNUMBER(H47),VLOOKUP(H47,Setup!$G$12:$H$16,2,TRUE),"") | K47: =IF(B47="","",IF(OR(AND(ISNUMBER(C47),C47<Setup!$B$27),AND(ISNUMBER(D47),D47<Setup!$B$28)),"At risk",IF(OR(AND(ISNUMBER(C47),C47<Setup!$B$27+0.1),AND(ISNUMBER(D47),D47<Setup!$B$28+0.1)),"Watch","On track"))) | M47: =IF(ISNUMBER(F47),G47+SUMPRODUCT(--($F$7:F46=F47)),"") | N47: =IF(40>COUNT($F$8:$F$47),"",40) | O47: =IF(N47="","",INDEX($B$8:$B$47,MATCH(N47,$M$8:$M$47,0))) | P47: =IF(N47="","",INDEX($F$8:$F$47,MATCH(N47,$M$8:$M$47,0))) | Q47: =IF(N47="","",INDEX($H$8:$H$47,MATCH(N47,$M$8:$M$47,0))) | R47: =IF(N47="","",INDEX($K$8:$K$47,MATCH(N47,$M$8:$M$47,0)))

Sheet Student Report
A1: Student Report
A2: =Setup!B4&" | "&Setup!B5&" | as of "&TEXT(Setup!B8,"mmm d, yyyy")
B3: Select a student:
B4: Ava Johnson | C4: < pick a student | H4: =IFERROR(MATCH(B4,Gradebook!$B$10:$B$49,0),"")
B6: Overall grade | C6: =IF($H$4="","",INDEX(Gradebook!$C$10:$C$49,$H$4)) | G6: Category | H6: Score
B7: Letter grade | C7: =IF($H$4="","",INDEX(Gradebook!$D$10:$D$49,$H$4)) | G7: =Setup!A12 | H7: =IF($H$4="","",INDEX(Gradebook!$H$10:$H$49,$H$4))
B8: Work turned in | C8: =IF($H$4="","",INDEX(Gradebook!$E$10:$E$49,$H$4)) | G8: =Setup!A13 | H8: =IF($H$4="","",INDEX(Gradebook!$I$10:$I$49,$H$4))
B9: Missing items | C9: =IF($H$4="","",INDEX(Gradebook!$F$10:$F$49,$H$4)) | G9: =Setup!A14 | H9: =IF($H$4="","",INDEX(Gradebook!$J$10:$J$49,$H$4))
B10: Class standing | C10: =IF($H$4="","",IF(ISNUMBER(INDEX(Standings!$G$8:$G$47,$H$4)),"#"&INDEX(Standings!$G$8:$G$47,$H$4)&" of "&COUNT(Standings!$F$8:$F$47)&" (percentile "&TEXT(INDEX(Standings!$H$8:$H$47,$H$4),"0%")&")","")) | G10: =Setup!A15 | H10: =IF($H$4="","",INDEX(Gradebook!$K$10:$K$49,$H$4))
B11: Status | C11: =IF($H$4="","",INDEX(Standings!$K$8:$K$47,$H$4)) | G11: =Setup!A16 | H11: =IF($H$4="","",INDEX(Gradebook!$L$10:$L$49,$H$4))
A14: # | B14: Assignment | C14: Unit | D14: Due | E14: Points | F14: Score | G14: % | H14: Status
A15: =IF(Assignments!B6="","",1) | B15: =IF(A15="","",Assignments!B6) | C15: =IF(A15="","",Assignments!C6) | D15: =IF(A15="","",Assignments!G6) | E15: =IF(A15="","",Assignments!E6) | F15: =IF(OR(A15="",$H$4=""),"",IF(INDEX(Gradebook!M$10:M$49,$H$4)="","",INDEX(Gradebook!M$10:M$49,$H$4))) | G15: =IF(OR(NOT(ISNUMBER(F15)),N(E15)=0),"",F15/E15) | H15: =IF(OR(A15="",$H$4=""),"",IF(ISNUMBER(F15),"Turned in",IF(UPPER(F15)="EX","Excused",IF(OR(UPPER(F15)="M",Assignments!I6=1),"Missing","Not due yet"))))
A16: =IF(Assignments!B7="","",2) | B16: =IF(A16="","",Assignments!B7) | C16: =IF(A16="","",Assignments!C7) | D16: =IF(A16="","",Assignments!G7) | E16: =IF(A16="","",Assignments!E7) | F16: =IF(OR(A16="",$H$4=""),"",IF(INDEX(Gradebook!N$10:N$49,$H$4)="","",INDEX(Gradebook!N$10:N$49,$H$4))) | G16: =IF(OR(NOT(ISNUMBER(F16)),N(E16)=0),"",F16/E16) | H16: =IF(OR(A16="",$H$4=""),"",IF(ISNUMBER(F16),"Turned in",IF(UPPER(F16)="EX","Excused",IF(OR(UPPER(F16)="M",Assignments!I7=1),"Missing","Not due yet"))))
A17: =IF(Assignments!B8="","",3) | B17: =IF(A17="","",Assignments!B8) | C17: =IF(A17="","",Assignments!C8) | D17: =IF(A17="","",Assignments!G8) | E17: =IF(A17="","",Assignments!E8) | F17: =IF(OR(A17="",$H$4=""),"",IF(INDEX(Gradebook!O$10:O$49,$H$4)="","",INDEX(Gradebook!O$10:O$49,$H$4))) | G17: =IF(OR(NOT(ISNUMBER(F17)),N(E17)=0),"",F17/E17) | H17: =IF(OR(A17="",$H$4=""),"",IF(ISNUMBER(F17),"Turned in",IF(UPPER(F17)="EX","Excused",IF(OR(UPPER(F17)="M",Assignments!I8=1),"Missing","Not due yet"))))
A18: =IF(Assignments!B9="","",4) | B18: =IF(A18="","",Assignments!B9) | C18: =IF(A18="","",Assignments!C9) | D18: =IF(A18="","",Assignments!G9) | E18: =IF(A18="","",Assignments!E9) | F18: =IF(OR(A18="",$H$4=""),"",IF(INDEX(Gradebook!P$10:P$49,$H$4)="","",INDEX(Gradebook!P$10:P$49,$H$4))) | G18: =IF(OR(NOT(ISNUMBER(F18)),N(E18)=0),"",F18/E18) | H18: =IF(OR(A18="",$H$4=""),"",IF(ISNUMBER(F18),"Turned in",IF(UPPER(F18)="EX","Excused",IF(OR(UPPER(F18)="M",Assignments!I9=1),"Missing","Not due yet"))))
A19: =IF(Assignments!B10="","",5) | B19: =IF(A19="","",Assignments!B10) | C19: =IF(A19="","",Assignments!C10) | D19: =IF(A19="","",Assignments!G10) | E19: =IF(A19="","",Assignments!E10) | F19: =IF(OR(A19="",$H$4=""),"",IF(INDEX(Gradebook!Q$10:Q$49,$H$4)="","",INDEX(Gradebook!Q$10:Q$49,$H$4))) | G19: =IF(OR(NOT(ISNUMBER(F19)),N(E19)=0),"",F19/E19) | H19: =IF(OR(A19="",$H$4=""),"",IF(ISNUMBER(F19),"Turned in",IF(UPPER(F19)="EX","Excused",IF(OR(UPPER(F19)="M",Assignments!I10=1),"Missing","Not due yet"))))
A20: =IF(Assignments!B11="","",6) | B20: =IF(A20="","",Assignments!B11) | C20: =IF(A20="","",Assignments!C11) | D20: =IF(A20="","",Assignments!G11) | E20: =IF(A20="","",Assignments!E11) | F20: =IF(OR(A20="",$H$4=""),"",IF(INDEX(Gradebook!R$10:R$49,$H$4)="","",INDEX(Gradebook!R$10:R$49,$H$4))) | G20: =IF(OR(NOT(ISNUMBER(F20)),N(E20)=0),"",F20/E20) | H20: =IF(OR(A20="",$H$4=""),"",IF(ISNUMBER(F20),"Turned in",IF(UPPER(F20)="EX","Excused",IF(OR(UPPER(F20)="M",Assignments!I11=1),"Missing","Not due yet"))))
A21: =IF(Assignments!B12="","",7) | B21: =IF(A21="","",Assignments!B12) | C21: =IF(A21="","",Assignments!C12) | D21: =IF(A21="","",Assignments!G12) | E21: =IF(A21="","",Assignments!E12) | F21: =IF(OR(A21="",$H$4=""),"",IF(INDEX(Gradebook!S$10:S$49,$H$4)="","",INDEX(Gradebook!S$10:S$49,$H$4))) | G21: =IF(OR(NOT(ISNUMBER(F21)),N(E21)=0),"",F21/E21) | H21: =IF(OR(A21="",$H$4=""),"",IF(ISNUMBER(F21),"Turned in",IF(UPPER(F21)="EX","Excused",IF(OR(UPPER(F21)="M",Assignments!I12=1),"Missing","Not due yet"))))
A22: =IF(Assignments!B13="","",8) | B22: =IF(A22="","",Assignments!B13) | C22: =IF(A22="","",Assignments!C13) | D22: =IF(A22="","",Assignments!G13) | E22: =IF(A22="","",Assignments!E13) | F22: =IF(OR(A22="",$H$4=""),"",IF(INDEX(Gradebook!T$10:T$49,$H$4)="","",INDEX(Gradebook!T$10:T$49,$H$4))) | G22: =IF(OR(NOT(ISNUMBER(F22)),N(E22)=0),"",F22/E22) | H22: =IF(OR(A22="",$H$4=""),"",IF(ISNUMBER(F22),"Turned in",IF(UPPER(F22)="EX","Excused",IF(OR(UPPER(F22)="M",Assignments!I13=1),"Missing","Not due yet"))))
A23: =IF(Assignments!B14="","",9) | B23: =IF(A23="","",Assignments!B14) | C23: =IF(A23="","",Assignments!C14) | D23: =IF(A23="","",Assignments!G14) | E23: =IF(A23="","",Assignments!E14) | F23: =IF(OR(A23="",$H$4=""),"",IF(INDEX(Gradebook!U$10:U$49,$H$4)="","",INDEX(Gradebook!U$10:U$49,$H$4))) | G23: =IF(OR(NOT(ISNUMBER(F23)),N(E23)=0),"",F23/E23) | H23: =IF(OR(A23="",$H$4=""),"",IF(ISNUMBER(F23),"Turned in",IF(UPPER(F23)="EX","Excused",IF(OR(UPPER(F23)="M",Assignments!I14=1),"Missing","Not due yet"))))
A24: =IF(Assignments!B15="","",10) | B24: =IF(A24="","",Assignments!B15) | C24: =IF(A24="","",Assignments!C15) | D24: =IF(A24="","",Assignments!G15) | E24: =IF(A24="","",Assignments!E15) | F24: =IF(OR(A24="",$H$4=""),"",IF(INDEX(Gradebook!V$10:V$49,$H$4)="","",INDEX(Gradebook!V$10:V$49,$H$4))) | G24: =IF(OR(NOT(ISNUMBER(F24)),N(E24)=0),"",F24/E24) | H24: =IF(OR(A24="",$H$4=""),"",IF(ISNUMBER(F24),"Turned in",IF(UPPER(F24)="EX","Excused",IF(OR(UPPER(F24)="M",Assignments!I15=1),"Missing","Not due yet"))))
A25: =IF(Assignments!B16="","",11) | B25: =IF(A25="","",Assignments!B16) | C25: =IF(A25="","",Assignments!C16) | D25: =IF(A25="","",Assignments!G16) | E25: =IF(A25="","",Assignments!E16) | F25: =IF(OR(A25="",$H$4=""),"",IF(INDEX(Gradebook!W$10:W$49,$H$4)="","",INDEX(Gradebook!W$10:W$49,$H$4))) | G25: =IF(OR(NOT(ISNUMBER(F25)),N(E25)=0),"",F25/E25) | H25: =IF(OR(A25="",$H$4=""),"",IF(ISNUMBER(F25),"Turned in",IF(UPPER(F25)="EX","Excused",IF(OR(UPPER(F25)="M",Assignments!I16=1),"Missing","Not due yet"))))
A26: =IF(Assignments!B17="","",12) | B26: =IF(A26="","",Assignments!B17) | C26: =IF(A26="","",Assignments!C17) | D26: =IF(A26="","",Assignments!G17) | E26: =IF(A26="","",Assignments!E17) | F26: =IF(OR(A26="",$H$4=""),"",IF(INDEX(Gradebook!X$10:X$49,$H$4)="","",INDEX(Gradebook!X$10:X$49,$H$4))) | G26: =IF(OR(NOT(ISNUMBER(F26)),N(E26)=0),"",F26/E26) | H26: =IF(OR(A26="",$H$4=""),"",IF(ISNUMBER(F26),"Turned in",IF(UPPER(F26)="EX","Excused",IF(OR(UPPER(F26)="M",Assignments!I17=1),"Missing","Not due yet"))))
A27: =IF(Assignments!B18="","",13) | B27: =IF(A27="","",Assignments!B18) | C27: =IF(A27="","",Assignments!C18) | D27: =IF(A27="","",Assignments!G18) | E27: =IF(A27="","",Assignments!E18) | F27: =IF(OR(A27="",$H$4=""),"",IF(INDEX(Gradebook!Y$10:Y$49,$H$4)="","",INDEX(Gradebook!Y$10:Y$49,$H$4))) | G27: =IF(OR(NOT(ISNUMBER(F27)),N(E27)=0),"",F27/E27) | H27: =IF(OR(A27="",$H$4=""),"",IF(ISNUMBER(F27),"Turned in",IF(UPPER(F27)="EX","Excused",IF(OR(UPPER(F27)="M",Assignments!I18=1),"Missing","Not due yet"))))
A28: =IF(Assignments!B19="","",14) | B28: =IF(A28="","",Assignments!B19) | C28: =IF(A28="","",Assignments!C19) | D28: =IF(A28="","",Assignments!G19) | E28: =IF(A28="","",Assignments!E19) | F28: =IF(OR(A28="",$H$4=""),"",IF(INDEX(Gradebook!Z$10:Z$49,$H$4)="","",INDEX(Gradebook!Z$10:Z$49,$H$4))) | G28: =IF(OR(NOT(ISNUMBER(F28)),N(E28)=0),"",F28/E28) | H28: =IF(OR(A28="",$H$4=""),"",IF(ISNUMBER(F28),"Turned in",IF(UPPER(F28)="EX","Excused",IF(OR(UPPER(F28)="M",Assignments!I19=1),"Missing","Not due yet"))))
A29: =IF(Assignments!B20="","",15) | B29: =IF(A29="","",Assignments!B20) | C29: =IF(A29="","",Assignments!C20) | D29: =IF(A29="","",Assignments!G20) | E29: =IF(A29="","",Assignments!E20) | F29: =IF(OR(A29="",$H$4=""),"",IF(INDEX(Gradebook!AA$10:AA$49,$H$4)="","",INDEX(Gradebook!AA$10:AA$49,$H$4))) | G29: =IF(OR(NOT(ISNUMBER(F29)),N(E29)=0),"",F29/E29) | H29: =IF(OR(A29="",$H$4=""),"",IF(ISNUMBER(F29),"Turned in",IF(UPPER(F29)="EX","Excused",IF(OR(UPPER(F29)="M",Assignments!I20=1),"Missing","Not due yet"))))
A30: =IF(Assignments!B21="","",16) | B30: =IF(A30="","",Assignments!B21) | C30: =IF(A30="","",Assignments!C21) | D30: =IF(A30="","",Assignments!G21) | E30: =IF(A30="","",Assignments!E21) | F30: =IF(OR(A30="",$H$4=""),"",IF(INDEX(Gradebook!AB$10:AB$49,$H$4)="","",INDEX(Gradebook!AB$10:AB$49,$H$4))) | G30: =IF(OR(NOT(ISNUMBER(F30)),N(E30)=0),"",F30/E30) | H30: =IF(OR(A30="",$H$4=""),"",IF(ISNUMBER(F30),"Turned in",IF(UPPER(F30)="EX","Excused",IF(OR(UPPER(F30)="M",Assignments!I21=1),"Missing","Not due yet"))))
A31: =IF(Assignments!B22="","",17) | B31: =IF(A31="","",Assignments!B22) | C31: =IF(A31="","",Assignments!C22) | D31: =IF(A31="","",Assignments!G22) | E31: =IF(A31="","",Assignments!E22) | F31: =IF(OR(A31="",$H$4=""),"",IF(INDEX(Gradebook!AC$10:AC$49,$H$4)="","",INDEX(Gradebook!AC$10:AC$49,$H$4))) | G31: =IF(OR(NOT(ISNUMBER(F31)),N(E31)=0),"",F31/E31) | H31: =IF(OR(A31="",$H$4=""),"",IF(ISNUMBER(F31),"Turned in",IF(UPPER(F31)="EX","Excused",IF(OR(UPPER(F31)="M",Assignments!I22=1),"Missing","Not due yet"))))
A32: =IF(Assignments!B23="","",18) | B32: =IF(A32="","",Assignments!B23) | C32: =IF(A32="","",Assignments!C23) | D32: =IF(A32="","",Assignments!G23) | E32: =IF(A32="","",Assignments!E23) | F32: =IF(OR(A32="",$H$4=""),"",IF(INDEX(Gradebook!AD$10:AD$49,$H$4)="","",INDEX(Gradebook!AD$10:AD$49,$H$4))) | G32: =IF(OR(NOT(ISNUMBER(F32)),N(E32)=0),"",F32/E32) | H32: =IF(OR(A32="",$H$4=""),"",IF(ISNUMBER(F32),"Turned in",IF(UPPER(F32)="EX","Excused",IF(OR(UPPER(F32)="M",Assignments!I23=1),"Missing","Not due yet"))))
A33: =IF(Assignments!B24="","",19) | B33: =IF(A33="","",Assignments!B24) | C33: =IF(A33="","",Assignments!C24) | D33: =IF(A33="","",Assignments!G24) | E33: =IF(A33="","",Assignments!E24) | F33: =IF(OR(A33="",$H$4=""),"",IF(INDEX(Gradebook!AE$10:AE$49,$H$4)="","",INDEX(Gradebook!AE$10:AE$49,$H$4))) | G33: =IF(OR(NOT(ISNUMBER(F33)),N(E33)=0),"",F33/E33) | H33: =IF(OR(A33="",$H$4=""),"",IF(ISNUMBER(F33),"Turned in",IF(UPPER(F33)="EX","Excused",IF(OR(UPPER(F33)="M",Assignments!I24=1),"Missing","Not due yet"))))
A34: =IF(Assignments!B25="","",20) | B34: =IF(A34="","",Assignments!B25) | C34: =IF(A34="","",Assignments!C25) | D34: =IF(A34="","",Assignments!G25) | E34: =IF(A34="","",Assignments!E25) | F34: =IF(OR(A34="",$H$4=""),"",IF(INDEX(Gradebook!AF$10:AF$49,$H$4)="","",INDEX(Gradebook!AF$10:AF$49,$H$4))) | G34: =IF(OR(NOT(ISNUMBER(F34)),N(E34)=0),"",F34/E34) | H34: =IF(OR(A34="",$H$4=""),"",IF(ISNUMBER(F34),"Turned in",IF(UPPER(F34)="EX","Excused",IF(OR(UPPER(F34)="M",Assignments!I25=1),"Missing","Not due yet"))))
A35: =IF(Assignments!B26="","",21) | B35: =IF(A35="","",Assignments!B26) | C35: =IF(A35="","",Assignments!C26) | D35: =IF(A35="","",Assignments!G26) | E35: =IF(A35="","",Assignments!E26) | F35: =IF(OR(A35="",$H$4=""),"",IF(INDEX(Gradebook!AG$10:AG$49,$H$4)="","",INDEX(Gradebook!AG$10:AG$49,$H$4))) | G35: =IF(OR(NOT(ISNUMBER(F35)),N(E35)=0),"",F35/E35) | H35: =IF(OR(A35="",$H$4=""),"",IF(ISNUMBER(F35),"Turned in",IF(UPPER(F35)="EX","Excused",IF(OR(UPPER(F35)="M",Assignments!I26=1),"Missing","Not due yet"))))
A36: =IF(Assignments!B27="","",22) | B36: =IF(A36="","",Assignments!B27) | C36: =IF(A36="","",Assignments!C27) | D36: =IF(A36="","",Assignments!G27) | E36: =IF(A36="","",Assignments!E27) | F36: =IF(OR(A36="",$H$4=""),"",IF(INDEX(Gradebook!AH$10:AH$49,$H$4)="","",INDEX(Gradebook!AH$10:AH$49,$H$4))) | G36: =IF(OR(NOT(ISNUMBER(F36)),N(E36)=0),"",F36/E36) | H36: =IF(OR(A36="",$H$4=""),"",IF(ISNUMBER(F36),"Turned in",IF(UPPER(F36)="EX","Excused",IF(OR(UPPER(F36)="M",Assignments!I27=1),"Missing","Not due yet"))))
A37: =IF(Assignments!B28="","",23) | B37: =IF(A37="","",Assignments!B28) | C37: =IF(A37="","",Assignments!C28) | D37: =IF(A37="","",Assignments!G28) | E37: =IF(A37="","",Assignments!E28) | F37: =IF(OR(A37="",$H$4=""),"",IF(INDEX(Gradebook!AI$10:AI$49,$H$4)="","",INDEX(Gradebook!AI$10:AI$49,$H$4))) | G37: =IF(OR(NOT(ISNUMBER(F37)),N(E37)=0),"",F37/E37) | H37: =IF(OR(A37="",$H$4=""),"",IF(ISNUMBER(F37),"Turned in",IF(UPPER(F37)="EX","Excused",IF(OR(UPPER(F37)="M",Assignments!I28=1),"Missing","Not due yet"))))
A38: =IF(Assignments!B29="","",24) | B38: =IF(A38="","",Assignments!B29) | C38: =IF(A38="","",Assignments!C29) | D38: =IF(A38="","",Assignments!G29) | E38: =IF(A38="","",Assignments!E29) | F38: =IF(OR(A38="",$H$4=""),"",IF(INDEX(Gradebook!AJ$10:AJ$49,$H$4)="","",INDEX(Gradebook!AJ$10:AJ$49,$H$4))) | G38: =IF(OR(NOT(ISNUMBER(F38)),N(E38)=0),"",F38/E38) | H38: =IF(OR(A38="",$H$4=""),"",IF(ISNUMBER(F38),"Turned in",IF(UPPER(F38)="EX","Excused",IF(OR(UPPER(F38)="M",Assignments!I29=1),"Missing","Not due yet"))))
A39: =IF(Assignments!B30="","",25) | B39: =IF(A39="","",Assignments!B30) | C39: =IF(A39="","",Assignments!C30) | D39: =IF(A39="","",Assignments!G30) | E39: =IF(A39="","",Assignments!E30) | F39: =IF(OR(A39="",$H$4=""),"",IF(INDEX(Gradebook!AK$10:AK$49,$H$4)="","",INDEX(Gradebook!AK$10:AK$49,$H$4))) | G39: =IF(OR(NOT(ISNUMBER(F39)),N(E39)=0),"",F39/E39) | H39: =IF(OR(A39="",$H$4=""),"",IF(ISNUMBER(F39),"Turned in",IF(UPPER(F39)="EX","Excused",IF(OR(UPPER(F39)="M",Assignments!I30=1),"Missing","Not due yet"))))
A40: =IF(Assignments!B31="","",26) | B40: =IF(A40="","",Assignments!B31) | C40: =IF(A40="","",Assignments!C31) | D40: =IF(A40="","",Assignments!G31) | E40: =IF(A40="","",Assignments!E31) | F40: =IF(OR(A40="",$H$4=""),"",IF(INDEX(Gradebook!AL$10:AL$49,$H$4)="","",INDEX(Gradebook!AL$10:AL$49,$H$4))) | G40: =IF(OR(NOT(ISNUMBER(F40)),N(E40)=0),"",F40/E40) | H40: =IF(OR(A40="",$H$4=""),"",IF(ISNUMBER(F40),"Turned in",IF(UPPER(F40)="EX","Excused",IF(OR(UPPER(F40)="M",Assignments!I31=1),"Missing","Not due yet"))))
A41: =IF(Assignments!B32="","",27) | B41: =IF(A41="","",Assignments!B32) | C41: =IF(A41="","",Assignments!C32) | D41: =IF(A41="","",Assignments!G32) | E41: =IF(A41="","",Assignments!E32) | F41: =IF(OR(A41="",$H$4=""),"",IF(INDEX(Gradebook!AM$10:AM$49,$H$4)="","",INDEX(Gradebook!AM$10:AM$49,$H$4))) | G41: =IF(OR(NOT(ISNUMBER(F41)),N(E41)=0),"",F41/E41) | H41: =IF(OR(A41="",$H$4=""),"",IF(ISNUMBER(F41),"Turned in",IF(UPPER(F41)="EX","Excused",IF(OR(UPPER(F41)="M",Assignments!I32=1),"Missing","Not due yet"))))
A42: =IF(Assignments!B33="","",28) | B42: =IF(A42="","",Assignments!B33) | C42: =IF(A42="","",Assignments!C33) | D42: =IF(A42="","",Assignments!G33) | E42: =IF(A42="","",Assignments!E33) | F42: =IF(OR(A42="",$H$4=""),"",IF(INDEX(Gradebook!AN$10:AN$49,$H$4)="","",INDEX(Gradebook!AN$10:AN$49,$H$4))) | G42: =IF(OR(NOT(ISNUMBER(F42)),N(E42)=0),"",F42/E42) | H42: =IF(OR(A42="",$H$4=""),"",IF(ISNUMBER(F42),"Turned in",IF(UPPER(F42)="EX","Excused",IF(OR(UPPER(F42)="M",Assignments!I33=1),"Missing","Not due yet"))))
A43: =IF(Assignments!B34="","",29) | B43: =IF(A43="","",Assignments!B34) | C43: =IF(A43="","",Assignments!C34) | D43: =IF(A43="","",Assignments!G34) | E43: =IF(A43="","",Assignments!E34) | F43: =IF(OR(A43="",$H$4=""),"",IF(INDEX(Gradebook!AO$10:AO$49,$H$4)="","",INDEX(Gradebook!AO$10:AO$49,$H$4))) | G43: =IF(OR(NOT(ISNUMBER(F43)),N(E43)=0),"",F43/E43) | H43: =IF(OR(A43="",$H$4=""),"",IF(ISNUMBER(F43),"Turned in",IF(UPPER(F43)="EX","Excused",IF(OR(UPPER(F43)="M",Assignments!I34=1),"Missing","Not due yet"))))
A44: =IF(Assignments!B35="","",30) | B44: =IF(A44="","",Assignments!B35) | C44: =IF(A44="","",Assignments!C35) | D44: =IF(A44="","",Assignments!G35) | E44: =IF(A44="","",Assignments!E35) | F44: =IF(OR(A44="",$H$4=""),"",IF(INDEX(Gradebook!AP$10:AP$49,$H$4)="","",INDEX(Gradebook!AP$10:AP$49,$H$4))) | G44: =IF(OR(NOT(ISNUMBER(F44)),N(E44)=0),"",F44/E44) | H44: =IF(OR(A44="",$H$4=""),"",IF(ISNUMBER(F44),"Turned in",IF(UPPER(F44)="EX","Excused",IF(OR(UPPER(F44)="M",Assignments!I35=1),"Missing","Not due yet"))))
A45: =IF(Assignments!B36="","",31) | B45: =IF(A45="","",Assignments!B36) | C45: =IF(A45="","",Assignments!C36) | D45: =IF(A45="","",Assignments!G36) | E45: =IF(A45="","",Assignments!E36) | F45: =IF(OR(A45="",$H$4=""),"",IF(INDEX(Gradebook!AQ$10:AQ$49,$H$4)="","",INDEX(Gradebook!AQ$10:AQ$49,$H$4))) | G45: =IF(OR(NOT(ISNUMBER(F45)),N(E45)=0),"",F45/E45) | H45: =IF(OR(A45="",$H$4=""),"",IF(ISNUMBER(F45),"Turned in",IF(UPPER(F45)="EX","Excused",IF(OR(UPPER(F45)="M",Assignments!I36=1),"Missing","Not due yet"))))
A46: =IF(Assignments!B37="","",32) | B46: =IF(A46="","",Assignments!B37) | C46: =IF(A46="","",Assignments!C37) | D46: =IF(A46="","",Assignments!G37) | E46: =IF(A46="","",Assignments!E37) | F46: =IF(OR(A46="",$H$4=""),"",IF(INDEX(Gradebook!AR$10:AR$49,$H$4)="","",INDEX(Gradebook!AR$10:AR$49,$H$4))) | G46: =IF(OR(NOT(ISNUMBER(F46)),N(E46)=0),"",F46/E46) | H46: =IF(OR(A46="",$H$4=""),"",IF(ISNUMBER(F46),"Turned in",IF(UPPER(F46)="EX","Excused",IF(OR(UPPER(F46)="M",Assignments!I37=1),"Missing","Not due yet"))))
A47: =IF(Assignments!B38="","",33) | B47: =IF(A47="","",Assignments!B38) | C47: =IF(A47="","",Assignments!C38) | D47: =IF(A47="","",Assignments!G38) | E47: =IF(A47="","",Assignments!E38) | F47: =IF(OR(A47="",$H$4=""),"",IF(INDEX(Gradebook!AS$10:AS$49,$H$4)="","",INDEX(Gradebook!AS$10:AS$49,$H$4))) | G47: =IF(OR(NOT(ISNUMBER(F47)),N(E47)=0),"",F47/E47) | H47: =IF(OR(A47="",$H$4=""),"",IF(ISNUMBER(F47),"Turned in",IF(UPPER(F47)="EX","Excused",IF(OR(UPPER(F47)="M",Assignments!I38=1),"Missing","Not due yet"))))
A48: =IF(Assignments!B39="","",34) | B48: =IF(A48="","",Assignments!B39) | C48: =IF(A48="","",Assignments!C39) | D48: =IF(A48="","",Assignments!G39) | E48: =IF(A48="","",Assignments!E39) | F48: =IF(OR(A48="",$H$4=""),"",IF(INDEX(Gradebook!AT$10:AT$49,$H$4)="","",INDEX(Gradebook!AT$10:AT$49,$H$4))) | G48: =IF(OR(NOT(ISNUMBER(F48)),N(E48)=0),"",F48/E48) | H48: =IF(OR(A48="",$H$4=""),"",IF(ISNUMBER(F48),"Turned in",IF(UPPER(F48)="EX","Excused",IF(OR(UPPER(F48)="M",Assignments!I39=1),"Missing","Not due yet"))))
A49: =IF(Assignments!B40="","",35) | B49: =IF(A49="","",Assignments!B40) | C49: =IF(A49="","",Assignments!C40) | D49: =IF(A49="","",Assignments!G40) | E49: =IF(A49="","",Assignments!E40) | F49: =IF(OR(A49="",$H$4=""),"",IF(INDEX(Gradebook!AU$10:AU$49,$H$4)="","",INDEX(Gradebook!AU$10:AU$49,$H$4))) | G49: =IF(OR(NOT(ISNUMBER(F49)),N(E49)=0),"",F49/E49) | H49: =IF(OR(A49="",$H$4=""),"",IF(ISNUMBER(F49),"Turned in",IF(UPPER(F49)="EX","Excused",IF(OR(UPPER(F49)="M",Assignments!I40=1),"Missing","Not due yet"))))
A50: =IF(Assignments!B41="","",36) | B50: =IF(A50="","",Assignments!B41) | C50: =IF(A50="","",Assignments!C41) | D50: =IF(A50="","",Assignments!G41) | E50: =IF(A50="","",Assignments!E41) | F50: =IF(OR(A50="",$H$4=""),"",IF(INDEX(Gradebook!AV$10:AV$49,$H$4)="","",INDEX(Gradebook!AV$10:AV$49,$H$4))) | G50: =IF(OR(NOT(ISNUMBER(F50)),N(E50)=0),"",F50/E50) | H50: =IF(OR(A50="",$H$4=""),"",IF(ISNUMBER(F50),"Turned in",IF(UPPER(F50)="EX","Excused",IF(OR(UPPER(F50)="M",Assignments!I41=1),"Missing","Not due yet"))))
A51: =IF(Assignments!B42="","",37) | B51: =IF(A51="","",Assignments!B42) | C51: =IF(A51="","",Assignments!C42) | D51: =IF(A51="","",Assignments!G42) | E51: =IF(A51="","",Assignments!E42) | F51: =IF(OR(A51="",$H$4=""),"",IF(INDEX(Gradebook!AW$10:AW$49,$H$4)="","",INDEX(Gradebook!AW$10:AW$49,$H$4))) | G51: =IF(OR(NOT(ISNUMBER(F51)),N(E51)=0),"",F51/E51) | H51: =IF(OR(A51="",$H$4=""),"",IF(ISNUMBER(F51),"Turned in",IF(UPPER(F51)="EX","Excused",IF(OR(UPPER(F51)="M",Assignments!I42=1),"Missing","Not due yet"))))
A52: =IF(Assignments!B43="","",38) | B52: =IF(A52="","",Assignments!B43) | C52: =IF(A52="","",Assignments!C43) | D52: =IF(A52="","",Assignments!G43) | E52: =IF(A52="","",Assignments!E43) | F52: =IF(OR(A52="",$H$4=""),"",IF(INDEX(Gradebook!AX$10:AX$49,$H$4)="","",INDEX(Gradebook!AX$10:AX$49,$H$4))) | G52: =IF(OR(NOT(ISNUMBER(F52)),N(E52)=0),"",F52/E52) | H52: =IF(OR(A52="",$H$4=""),"",IF(ISNUMBER(F52),"Turned in",IF(UPPER(F52)="EX","Excused",IF(OR(UPPER(F52)="M",Assignments!I43=1),"Missing","Not due yet"))))
A53: =IF(Assignments!B44="","",39) | B53: =IF(A53="","",Assignments!B44) | C53: =IF(A53="","",Assignments!C44) | D53: =IF(A53="","",Assignments!G44) | E53: =IF(A53="","",Assignments!E44) | F53: =IF(OR(A53="",$H$4=""),"",IF(INDEX(Gradebook!AY$10:AY$49,$H$4)="","",INDEX(Gradebook!AY$10:AY$49,$H$4))) | G53: =IF(OR(NOT(ISNUMBER(F53)),N(E53)=0),"",F53/E53) | H53: =IF(OR(A53="",$H$4=""),"",IF(ISNUMBER(F53),"Turned in",IF(UPPER(F53)="EX","Excused",IF(OR(UPPER(F53)="M",Assignments!I44=1),"Missing","Not due yet"))))
A54: =IF(Assignments!B45="","",40) | B54: =IF(A54="","",Assignments!B45) | C54: =IF(A54="","",Assignments!C45) | D54: =IF(A54="","",Assignments!G45) | E54: =IF(A54="","",Assignments!E45) | F54: =IF(OR(A54="",$H$4=""),"",IF(INDEX(Gradebook!AZ$10:AZ$49,$H$4)="","",INDEX(Gradebook!AZ$10:AZ$49,$H$4))) | G54: =IF(OR(NOT(ISNUMBER(F54)),N(E54)=0),"",F54/E54) | H54: =IF(OR(A54="",$H$4=""),"",IF(ISNUMBER(F54),"Turned in",IF(UPPER(F54)="EX","Excused",IF(OR(UPPER(F54)="M",Assignments!I45=1),"Missing","Not due yet"))))
A55: =IF(Assignments!B46="","",41) | B55: =IF(A55="","",Assignments!B46) | C55: =IF(A55="","",Assignments!C46) | D55: =IF(A55="","",Assignments!G46) | E55: =IF(A55="","",Assignments!E46) | F55: =IF(OR(A55="",$H$4=""),"",IF(INDEX(Gradebook!BA$10:BA$49,$H$4)="","",INDEX(Gradebook!BA$10:BA$49,$H$4))) | G55: =IF(OR(NOT(ISNUMBER(F55)),N(E55)=0),"",F55/E55) | H55: =IF(OR(A55="",$H$4=""),"",IF(ISNUMBER(F55),"Turned in",IF(UPPER(F55)="EX","Excused",IF(OR(UPPER(F55)="M",Assignments!I46=1),"Missing","Not due yet"))))
A56: =IF(Assignments!B47="","",42) | B56: =IF(A56="","",Assignments!B47) | C56: =IF(A56="","",Assignments!C47) | D56: =IF(A56="","",Assignments!G47) | E56: =IF(A56="","",Assignments!E47) | F56: =IF(OR(A56="",$H$4=""),"",IF(INDEX(Gradebook!BB$10:BB$49,$H$4)="","",INDEX(Gradebook!BB$10:BB$49,$H$4))) | G56: =IF(OR(NOT(ISNUMBER(F56)),N(E56)=0),"",F56/E56) | H56: =IF(OR(A56="",$H$4=""),"",IF(ISNUMBER(F56),"Turned in",IF(UPPER(F56)="EX","Excused",IF(OR(UPPER(F56)="M",Assignments!I47=1),"Missing","Not due yet"))))
A57: =IF(Assignments!B48="","",43) | B57: =IF(A57="","",Assignments!B48) | C57: =IF(A57="","",Assignments!C48) | D57: =IF(A57="","",Assignments!G48) | E57: =IF(A57="","",Assignments!E48) | F57: =IF(OR(A57="",$H$4=""),"",IF(INDEX(Gradebook!BC$10:BC$49,$H$4)="","",INDEX(Gradebook!BC$10:BC$49,$H$4))) | G57: =IF(OR(NOT(ISNUMBER(F57)),N(E57)=0),"",F57/E57) | H57: =IF(OR(A57="",$H$4=""),"",IF(ISNUMBER(F57),"Turned in",IF(UPPER(F57)="EX","Excused",IF(OR(UPPER(F57)="M",Assignments!I48=1),"Missing","Not due yet"))))
A58: =IF(Assignments!B49="","",44) | B58: =IF(A58="","",Assignments!B49) | C58: =IF(A58="","",Assignments!C49) | D58: =IF(A58="","",Assignments!G49) | E58: =IF(A58="","",Assignments!E49) | F58: =IF(OR(A58="",$H$4=""),"",IF(INDEX(Gradebook!BD$10:BD$49,$H$4)="","",INDEX(Gradebook!BD$10:BD$49,$H$4))) | G58: =IF(OR(NOT(ISNUMBER(F58)),N(E58)=0),"",F58/E58) | H58: =IF(OR(A58="",$H$4=""),"",IF(ISNUMBER(F58),"Turned in",IF(UPPER(F58)="EX","Excused",IF(OR(UPPER(F58)="M",Assignments!I49=1),"Missing","Not due yet"))))
A59: =IF(Assignments!B50="","",45) | B59: =IF(A59="","",Assignments!B50) | C59: =IF(A59="","",Assignments!C50) | D59: =IF(A59="","",Assignments!G50) | E59: =IF(A59="","",Assignments!E50) | F59: =IF(OR(A59="",$H$4=""),"",IF(INDEX(Gradebook!BE$10:BE$49,$H$4)="","",INDEX(Gradebook!BE$10:BE$49,$H$4))) | G59: =IF(OR(NOT(ISNUMBER(F59)),N(E59)=0),"",F59/E59) | H59: =IF(OR(A59="",$H$4=""),"",IF(ISNUMBER(F59),"Turned in",IF(UPPER(F59)="EX","Excused",IF(OR(UPPER(F59)="M",Assignments!I50=1),"Missing","Not due yet"))))
A60: =IF(Assignments!B51="","",46) | B60: =IF(A60="","",Assignments!B51) | C60: =IF(A60="","",Assignments!C51) | D60: =IF(A60="","",Assignments!G51) | E60: =IF(A60="","",Assignments!E51) | F60: =IF(OR(A60="",$H$4=""),"",IF(INDEX(Gradebook!BF$10:BF$49,$H$4)="","",INDEX(Gradebook!BF$10:BF$49,$H$4))) | G60: =IF(OR(NOT(ISNUMBER(F60)),N(E60)=0),"",F60/E60) | H60: =IF(OR(A60="",$H$4=""),"",IF(ISNUMBER(F60),"Turned in",IF(UPPER(F60)="EX","Excused",IF(OR(UPPER(F60)="M",Assignments!I51=1),"Missing","Not due yet"))))
A61: =IF(Assignments!B52="","",47) | B61: =IF(A61="","",Assignments!B52) | C61: =IF(A61="","",Assignments!C52) | D61: =IF(A61="","",Assignments!G52) | E61: =IF(A61="","",Assignments!E52) | F61: =IF(OR(A61="",$H$4=""),"",IF(INDEX(Gradebook!BG$10:BG$49,$H$4)="","",INDEX(Gradebook!BG$10:BG$49,$H$4))) | G61: =IF(OR(NOT(ISNUMBER(F61)),N(E61)=0),"",F61/E61) | H61: =IF(OR(A61="",$H$4=""),"",IF(ISNUMBER(F61),"Turned in",IF(UPPER(F61)="EX","Excused",IF(OR(UPPER(F61)="M",Assignments!I52=1),"Missing","Not due yet"))))
A62: =IF(Assignments!B53="","",48) | B62: =IF(A62="","",Assignments!B53) | C62: =IF(A62="","",Assignments!C53) | D62: =IF(A62="","",Assignments!G53) | E62: =IF(A62="","",Assignments!E53) | F62: =IF(OR(A62="",$H$4=""),"",IF(INDEX(Gradebook!BH$10:BH$49,$H$4)="","",INDEX(Gradebook!BH$10:BH$49,$H$4))) | G62: =IF(OR(NOT(ISNUMBER(F62)),N(E62)=0),"",F62/E62) | H62: =IF(OR(A62="",$H$4=""),"",IF(ISNUMBER(F62),"Turned in",IF(UPPER(F62)="EX","Excused",IF(OR(UPPER(F62)="M",Assignments!I53=1),"Missing","Not due yet"))))
A63: =IF(Assignments!B54="","",49) | B63: =IF(A63="","",Assignments!B54) | C63: =IF(A63="","",Assignments!C54) | D63: =IF(A63="","",Assignments!G54) | E63: =IF(A63="","",Assignments!E54) | F63: =IF(OR(A63="",$H$4=""),"",IF(INDEX(Gradebook!BI$10:BI$49,$H$4)="","",INDEX(Gradebook!BI$10:BI$49,$H$4))) | G63: =IF(OR(NOT(ISNUMBER(F63)),N(E63)=0),"",F63/E63) | H63: =IF(OR(A63="",$H$4=""),"",IF(ISNUMBER(F63),"Turned in",IF(UPPER(F63)="EX","Excused",IF(OR(UPPER(F63)="M",Assignments!I54=1),"Missing","Not due yet"))))
A64: =IF(Assignments!B55="","",50) | B64: =IF(A64="","",Assignments!B55) | C64: =IF(A64="","",Assignments!C55) | D64: =IF(A64="","",Assignments!G55) | E64: =IF(A64="","",Assignments!E55) | F64: =IF(OR(A64="",$H$4=""),"",IF(INDEX(Gradebook!BJ$10:BJ$49,$H$4)="","",INDEX(Gradebook!BJ$10:BJ$49,$H$4))) | G64: =IF(OR(NOT(ISNUMBER(F64)),N(E64)=0),"",F64/E64) | H64: =IF(OR(A64="",$H$4=""),"",IF(ISNUMBER(F64),"Turned in",IF(UPPER(F64)="EX","Excused",IF(OR(UPPER(F64)="M",Assignments!I55=1),"Missing","Not due yet"))))
A65: =IF(Assignments!B56="","",51) | B65: =IF(A65="","",Assignments!B56) | C65: =IF(A65="","",Assignments!C56) | D65: =IF(A65="","",Assignments!G56) | E65: =IF(A65="","",Assignments!E56) | F65: =IF(OR(A65="",$H$4=""),"",IF(INDEX(Gradebook!BK$10:BK$49,$H$4)="","",INDEX(Gradebook!BK$10:BK$49,$H$4))) | G65: =IF(OR(NOT(ISNUMBER(F65)),N(E65)=0),"",F65/E65) | H65: =IF(OR(A65="",$H$4=""),"",IF(ISNUMBER(F65),"Turned in",IF(UPPER(F65)="EX","Excused",IF(OR(UPPER(F65)="M",Assignments!I56=1),"Missing","Not due yet"))))
A66: =IF(Assignments!B57="","",52) | B66: =IF(A66="","",Assignments!B57) | C66: =IF(A66="","",Assignments!C57) | D66: =IF(A66="","",Assignments!G57) | E66: =IF(A66="","",Assignments!E57) | F66: =IF(OR(A66="",$H$4=""),"",IF(INDEX(Gradebook!BL$10:BL$49,$H$4)="","",INDEX(Gradebook!BL$10:BL$49,$H$4))) | G66: =IF(OR(NOT(ISNUMBER(F66)),N(E66)=0),"",F66/E66) | H66: =IF(OR(A66="",$H$4=""),"",IF(ISNUMBER(F66),"Turned in",IF(UPPER(F66)="EX","Excused",IF(OR(UPPER(F66)="M",Assignments!I57=1),"Missing","Not due yet"))))
A67: =IF(Assignments!B58="","",53) | B67: =IF(A67="","",Assignments!B58) | C67: =IF(A67="","",Assignments!C58) | D67: =IF(A67="","",Assignments!G58) | E67: =IF(A67="","",Assignments!E58) | F67: =IF(OR(A67="",$H$4=""),"",IF(INDEX(Gradebook!BM$10:BM$49,$H$4)="","",INDEX(Gradebook!BM$10:BM$49,$H$4))) | G67: =IF(OR(NOT(ISNUMBER(F67)),N(E67)=0),"",F67/E67) | H67: =IF(OR(A67="",$H$4=""),"",IF(ISNUMBER(F67),"Turned in",IF(UPPER(F67)="EX","Excused",IF(OR(UPPER(F67)="M",Assignments!I58=1),"Missing","Not due yet"))))
A68: =IF(Assignments!B59="","",54) | B68: =IF(A68="","",Assignments!B59) | C68: =IF(A68="","",Assignments!C59) | D68: =IF(A68="","",Assignments!G59) | E68: =IF(A68="","",Assignments!E59) | F68: =IF(OR(A68="",$H$4=""),"",IF(INDEX(Gradebook!BN$10:BN$49,$H$4)="","",INDEX(Gradebook!BN$10:BN$49,$H$4))) | G68: =IF(OR(NOT(ISNUMBER(F68)),N(E68)=0),"",F68/E68) | H68: =IF(OR(A68="",$H$4=""),"",IF(ISNUMBER(F68),"Turned in",IF(UPPER(F68)="EX","Excused",IF(OR(UPPER(F68)="M",Assignments!I59=1),"Missing","Not due yet"))))
A69: =IF(Assignments!B60="","",55) | B69: =IF(A69="","",Assignments!B60) | C69: =IF(A69="","",Assignments!C60) | D69: =IF(A69="","",Assignments!G60) | E69: =IF(A69="","",Assignments!E60) | F69: =IF(OR(A69="",$H$4=""),"",IF(INDEX(Gradebook!BO$10:BO$49,$H$4)="","",INDEX(Gradebook!BO$10:BO$49,$H$4))) | G69: =IF(OR(NOT(ISNUMBER(F69)),N(E69)=0),"",F69/E69) | H69: =IF(OR(A69="",$H$4=""),"",IF(ISNUMBER(F69),"Turned in",IF(UPPER(F69)="EX","Excused",IF(OR(UPPER(F69)="M",Assignments!I60=1),"Missing","Not due yet"))))
A70: =IF(Assignments!B61="","",56) | B70: =IF(A70="","",Assignments!B61) | C70: =IF(A70="","",Assignments!C61) | D70: =IF(A70="","",Assignments!G61) | E70: =IF(A70="","",Assignments!E61) | F70: =IF(OR(A70="",$H$4=""),"",IF(INDEX(Gradebook!BP$10:BP$49,$H$4)="","",INDEX(Gradebook!BP$10:BP$49,$H$4))) | G70: =IF(OR(NOT(ISNUMBER(F70)),N(E70)=0),"",F70/E70) | H70: =IF(OR(A70="",$H$4=""),"",IF(ISNUMBER(F70),"Turned in",IF(UPPER(F70)="EX","Excused",IF(OR(UPPER(F70)="M",Assignments!I61=1),"Missing","Not due yet"))))
A71: =IF(Assignments!B62="","",57) | B71: =IF(A71="","",Assignments!B62) | C71: =IF(A71="","",Assignments!C62) | D71: =IF(A71="","",Assignments!G62) | E71: =IF(A71="","",Assignments!E62) | F71: =IF(OR(A71="",$H$4=""),"",IF(INDEX(Gradebook!BQ$10:BQ$49,$H$4)="","",INDEX(Gradebook!BQ$10:BQ$49,$H$4))) | G71: =IF(OR(NOT(ISNUMBER(F71)),N(E71)=0),"",F71/E71) | H71: =IF(OR(A71="",$H$4=""),"",IF(ISNUMBER(F71),"Turned in",IF(UPPER(F71)="EX","Excused",IF(OR(UPPER(F71)="M",Assignments!I62=1),"Missing","Not due yet"))))
A72: =IF(Assignments!B63="","",58) | B72: =IF(A72="","",Assignments!B63) | C72: =IF(A72="","",Assignments!C63) | D72: =IF(A72="","",Assignments!G63) | E72: =IF(A72="","",Assignments!E63) | F72: =IF(OR(A72="",$H$4=""),"",IF(INDEX(Gradebook!BR$10:BR$49,$H$4)="","",INDEX(Gradebook!BR$10:BR$49,$H$4))) | G72: =IF(OR(NOT(ISNUMBER(F72)),N(E72)=0),"",F72/E72) | H72: =IF(OR(A72="",$H$4=""),"",IF(ISNUMBER(F72),"Turned in",IF(UPPER(F72)="EX","Excused",IF(OR(UPPER(F72)="M",Assignments!I63=1),"Missing","Not due yet"))))
A73: =IF(Assignments!B64="","",59) | B73: =IF(A73="","",Assignments!B64) | C73: =IF(A73="","",Assignments!C64) | D73: =IF(A73="","",Assignments!G64) | E73: =IF(A73="","",Assignments!E64) | F73: =IF(OR(A73="",$H$4=""),"",IF(INDEX(Gradebook!BS$10:BS$49,$H$4)="","",INDEX(Gradebook!BS$10:BS$49,$H$4))) | G73: =IF(OR(NOT(ISNUMBER(F73)),N(E73)=0),"",F73/E73) | H73: =IF(OR(A73="",$H$4=""),"",IF(ISNUMBER(F73),"Turned in",IF(UPPER(F73)="EX","Excused",IF(OR(UPPER(F73)="M",Assignments!I64=1),"Missing","Not due yet"))))
A74: =IF(Assignments!B65="","",60) | B74: =IF(A74="","",Assignments!B65) | C74: =IF(A74="","",Assignments!C65) | D74: =IF(A74="","",Assignments!G65) | E74: =IF(A74="","",Assignments!E65) | F74: =IF(OR(A74="",$H$4=""),"",IF(INDEX(Gradebook!BT$10:BT$49,$H$4)="","",INDEX(Gradebook!BT$10:BT$49,$H$4))) | G74: =IF(OR(NOT(ISNUMBER(F74)),N(E74)=0),"",F74/E74) | H74: =IF(OR(A74="",$H$4=""),"",IF(ISNUMBER(F74),"Turned in",IF(UPPER(F74)="EX","Excused",IF(OR(UPPER(F74)="M",Assignments!I65=1),"Missing","Not due yet"))))
